S13time_fire,S13pm01_fire,S13pm25_fire,S13pm10_fire,S13time_lib,S13pm01_lib,S13pm25_lib,S13pm10_lib,S13time_martin,S13pm01_martin,S13pm25_martin,S13pm10_martin,S08time_fire,S08pm01_fire,S08pm25_fire,S08pm10_fire,S08time_lib,S08pm01_lib,S08pm25_lib,S08pm10_lib,S08time_martin,S08pm01_martin,S08pm25_martin,S08pm10_martin,S06time_fire,S06pm01_fire,S06pm25_fire,S06pm10_fire,S06time_lib,S06pm01_lib,S06pm25_lib,S06pm10_lib,S06time_martin,S06pm01_martin,S06pm25_martin,S06pm10_martin,S20time_fire,S20pm01_fire,S20pm25_fire,S20pm10_fire,S20time_lib,S20pm01_lib,S20pm25_lib,S20pm10_lib,S20time_martin,S20pm01_martin,S20pm25_martin,S20pm10_martin,S##time_fire,S##pm01_fire,S##pm25_fire,S##pm10_fire,S##time_lib,S##pm01_lib,S##pm25_lib,S##pm10_lib,S##time_martin,S##pm01_martin,S##pm25_martin,S##pm10_martin
2122,0,0,0,7814,7,8,8,17433,5,12,12,21372,14,27,28,2253,9,15,18,14365,6,14,21,14460,8,11,12,79806,9,11,15,519587,11,14,15,4056,2,3,3,4849,3,4,4,13288,2,4,4,,,,,,,,,,,,
3184,0,0,0,9525,11,17,20,18665,15,23,23,22218,14,27,28,3524,9,17,18,15620,16,26,29,15643,7,10,13,81150,8,11,15,520512,12,19,20,5791,2,4,4,6218,3,4,4,16449,3,5,6,,,,,,,,,,,,
4097,0,0,0,10479,12,18,21,19578,15,23,24,23130,15,27,28,4451,10,20,22,16530,16,26,28,16485,7,10,13,81992,8,11,15,521354,12,19,20,6634,2,4,4,7060,3,4,4,22006,2,4,5,,,,,,,,,,,,
5009,0,0,0,11435,11,17,21,20421,15,23,24,23970,15,27,28,5345,11,22,25,17458,15,24,25,17396,7,10,13,82835,8,11,15,522266,12,18,20,7546,2,4,4,7973,3,4,4,22850,2,4,5,,,,,,,,,,,,
5921,0,0,0,12390,12,18,21,21264,15,23,24,24811,15,27,28,6275,11,21,23,18291,15,24,25,18238,7,10,13,83746,7,11,15,523108,12,18,20,8389,2,4,4,8815,3,4,4,23762,2,4,5,,,,,,,,,,,,
22033,0,0,0,13345,12,20,23,22178,12,22,24,25721,15,27,27,7165,13,21,23,21585,15,24,25,19080,7,10,13,84589,7,11,15,523951,12,18,20,9233,2,4,4,9658,3,4,4,24605,2,4,5,,,,,,,,,,,,
24562,0,0,0,14301,12,20,23,23021,12,22,24,26562,15,27,27,8077,11,22,23,22625,14,23,24,19992,7,10,13,85431,7,11,15,524863,12,19,20,10145,2,3,3,10570,3,4,4,25448,2,4,5,,,,,,,,,,,,
25243,0,0,0,15256,12,20,23,23906,12,22,24,27403,15,27,27,8987,13,22,24,23467,14,23,24,20834,7,10,13,86343,8,11,15,525705,12,19,20,10988,2,3,3,11413,3,4,4,26360,2,3,4,,,,,,,,,,,,
26156,0,0,0,16210,11,20,24,24819,11,22,23,28314,15,26,26,9899,13,23,23,24307,14,23,24,21676,7,10,13,87185,8,11,15,526546,12,19,20,11831,2,3,3,12255,3,4,4,27203,2,3,4,,,,,,,,,,,,
26997,0,0,0,17166,12,21,25,25704,11,22,23,29155,15,26,26,10809,13,22,22,25218,13,23,24,22588,8,10,13,88028,8,11,15,527459,12,19,22,12743,2,3,4,13168,3,4,4,28046,2,3,4,,,,,,,,,,,,
27840,0,0,0,18121,12,20,25,26589,11,21,23,29996,15,26,26,11719,13,22,22,26058,13,23,24,23429,8,10,13,88940,7,10,16,528301,12,19,22,13586,2,3,4,14010,3,4,4,28958,2,3,4,,,,,,,,,,,,
28752,0,0,0,19076,11,19,23,27544,11,20,21,30907,15,25,25,12631,13,22,22,26899,13,23,24,24270,8,10,13,89782,7,10,16,529142,12,19,22,14429,2,3,4,14853,3,4,4,29802,2,3,4,,,,,,,,,,,,
29594,0,0,0,20031,11,18,22,28429,11,20,21,31748,14,24,24,13541,13,21,22,27810,13,22,24,25183,8,12,14,90624,7,10,16,530055,12,19,21,15341,2,4,5,15765,2,4,4,30645,2,3,4,,,,,,,,,,,,
9071,0,0,0,20916,11,18,21,29314,11,20,21,32588,14,24,24,14451,13,21,22,28651,13,22,24,26024,8,12,14,91536,8,11,16,530896,12,19,21,16185,2,4,5,16608,2,4,4,31557,2,3,4,,,,,,,,,,,,
10556,16,16,16,21800,11,18,21,30268,11,21,23,33499,14,25,25,15292,13,21,22,29492,13,22,24,26866,8,12,14,92378,8,11,16,531739,12,19,21,17028,2,4,5,17451,2,4,4,32401,2,3,4,,,,,,,,,,,,
11468,16,17,17,22756,11,20,23,31153,11,21,23,34339,14,25,25,16132,12,20,21,30402,13,22,24,27779,8,12,13,93220,8,11,16,532652,12,18,23,17940,2,4,4,18363,2,4,4,33243,2,3,4,,,,,,,,,,,,
12379,16,17,17,23710,10,20,22,32037,11,21,23,35180,14,25,25,17043,11,20,23,31243,13,23,24,28691,8,12,14,94133,8,10,14,533493,12,18,23,18783,2,4,4,19206,2,4,4,34155,2,3,5,,,,,,,,,,,,
13291,16,17,17,24666,10,20,21,32993,11,22,24,36091,14,25,25,17883,11,20,23,32083,13,23,24,29603,8,13,15,94976,8,10,14,534335,12,18,23,19625,2,4,4,20048,2,4,4,34999,2,3,5,,,,,,,,,,,,
14203,16,17,17,25621,10,21,22,33878,11,22,24,36932,14,25,25,18723,11,20,22,32995,13,23,24,30515,8,13,15,95817,8,10,14,535247,11,17,22,20538,2,4,4,20961,2,4,4,35842,2,3,5,,,,,,,,,,,,
15116,16,18,18,26576,10,21,22,34762,11,22,24,37773,15,26,26,19634,11,19,21,33836,13,22,23,31427,8,13,16,96730,8,11,14,536089,11,17,22,21381,2,4,4,21804,2,4,4,36754,2,3,5,,,,,,,,,,,,
16028,16,18,18,27532,11,23,23,35717,10,21,24,38684,15,27,27,20474,11,19,21,34676,13,22,23,32339,9,14,17,97571,8,11,14,536931,11,17,22,22223,2,4,4,22646,2,4,4,37598,2,3,5,,,,,,,,,,,,
16941,0,1,1,28487,12,25,25,36601,10,21,24,39525,15,27,27,21314,11,19,21,35588,11,22,23,33252,9,15,17,98413,8,11,14,537843,11,17,21,23136,2,4,5,23559,2,3,3,38440,2,3,5,,,,,,,,,,,,
17853,0,1,1,29442,12,24,24,37486,10,21,24,40366,14,27,27,22225,11,19,21,36428,11,22,23,34164,9,16,19,99325,8,11,14,538685,11,17,21,23980,2,4,5,24401,2,3,3,39353,2,3,5,,,,,,,,,,,,
18765,0,2,2,30397,12,26,26,38441,10,21,22,41277,16,28,28,23065,11,19,21,37269,11,22,23,35076,9,16,19,31677,9,10,10,539528,11,17,21,24822,2,4,5,25245,2,3,3,40196,2,3,5,,,,,,,,,,,,
19608,0,2,2,31352,13,27,27,39326,10,21,22,42118,16,28,28,23906,11,19,21,38179,11,22,25,35988,8,14,17,32729,10,14,16,540439,10,16,20,25735,2,4,5,26158,2,4,4,41039,2,3,5,,,,,,,,,,,,
20450,0,2,2,32308,13,27,27,40211,10,21,22,42958,16,28,28,24816,10,19,22,39020,11,22,25,36899,8,14,18,33640,9,14,18,541281,10,16,20,26577,2,4,5,27000,2,4,4,41952,2,4,5,,,,,,,,,,,,
21363,0,1,1,33264,13,25,25,41166,10,21,22,43870,14,27,27,25657,10,19,22,39861,11,22,24,37812,8,15,19,34483,9,14,18,542124,10,16,20,27420,2,4,5,27843,2,4,4,42795,2,4,5,,,,,,,,,,,,
22206,0,1,1,34220,14,28,28,42010,10,21,22,44710,14,27,27,26497,10,19,22,40772,11,21,23,38724,8,15,16,35324,9,14,18,543035,10,16,19,28334,2,3,4,28755,2,3,3,43638,2,4,5,,,,,,,,,,,,
23047,0,1,1,35104,14,28,28,42852,10,21,22,45551,14,27,27,27408,8,17,21,41613,11,21,23,39566,8,15,16,36238,9,13,18,543877,10,16,19,29175,2,3,4,29598,2,3,3,44551,2,3,5,,,,,,,,,,,,
23959,0,1,1,35987,14,28,28,43766,11,21,22,46462,14,27,29,28248,8,17,21,42454,11,21,23,40408,9,16,17,37079,9,13,18,544718,10,16,19,30018,2,3,4,30441,2,3,3,45393,2,3,5,,,,,,,,,,,,
24802,0,1,1,36942,14,25,25,44609,11,21,22,47303,14,27,29,29088,8,17,21,43364,13,22,24,41320,9,17,18,37920,9,13,18,545631,9,16,19,30930,2,3,4,31354,2,3,3,46236,2,3,5,,,,,,,,,,,,
25644,0,1,1,37898,14,26,28,45452,11,21,22,48144,14,27,29,29999,10,16,21,44206,13,22,24,42162,9,17,18,38833,9,12,15,546473,9,16,19,31774,2,3,4,32197,2,3,3,47150,2,4,5,,,,,,,,,,,,
26556,0,1,1,38853,14,25,26,46365,11,21,21,49055,14,27,31,30838,10,16,21,45046,13,22,24,43003,9,17,18,39674,9,12,15,547315,9,16,19,32617,2,3,4,33039,2,3,3,47992,2,4,5,,,,,,,,,,,,
27399,0,1,1,39809,13,23,25,47209,11,21,21,49896,14,27,31,31679,10,16,21,45957,13,23,28,43916,9,17,18,40517,9,12,15,548228,9,16,19,33529,2,3,4,33951,2,3,3,48835,2,4,5,,,,,,,,,,,,
28241,0,0,0,40764,14,24,26,48052,11,21,21,50737,14,27,31,32589,8,16,20,46797,13,23,28,44758,9,17,18,41430,9,12,14,549069,9,16,19,34372,2,3,4,34794,2,3,3,49747,3,4,5,,,,,,,,,,,,
29154,0,0,0,41719,14,22,24,48965,11,21,21,51648,14,30,36,33429,8,16,20,47638,13,23,28,45599,9,17,18,42271,9,12,14,549911,9,16,19,35215,2,3,4,35637,2,3,3,50590,3,4,5,,,,,,,,,,,,
29996,0,0,0,42675,13,22,24,49808,11,21,21,52489,14,30,37,34270,8,16,20,48549,14,24,28,46511,9,16,17,43113,9,12,14,550823,9,15,18,36127,2,4,4,36549,2,3,3,51434,3,4,5,,,,,,,,,,,,
30838,0,1,1,43629,14,22,23,50652,11,21,21,53329,14,30,37,35180,8,16,20,49390,14,24,28,47352,9,16,17,44025,9,13,15,551665,9,15,18,36970,2,4,4,37392,2,3,3,52346,3,4,5,,,,,,,,,,,,
31751,0,1,1,44584,14,21,23,51565,10,21,21,54241,13,29,36,36021,8,16,20,50231,14,24,28,48195,9,16,17,44867,9,13,15,552507,9,15,18,37813,2,4,4,38235,2,3,3,53189,3,4,5,,,,,,,,,,,,
1622,0,0,0,45540,12,19,22,52408,10,21,21,55151,13,31,39,36861,8,16,20,51142,12,23,27,49106,9,16,18,45710,9,13,15,553419,9,14,15,38726,2,4,4,39147,1,2,2,54032,3,4,5,,,,,,,,,,,,
1792,0,0,0,46494,12,21,23,53251,10,21,21,56062,14,32,39,37772,10,17,20,51982,13,23,27,49948,9,16,18,46621,9,13,16,554261,9,14,15,39569,2,4,4,39990,1,2,2,54944,3,4,5,,,,,,,,,,,,
2704,0,0,0,47450,11,20,21,54165,11,20,20,56974,14,31,39,38612,10,17,20,52823,13,23,27,50791,9,16,18,47464,9,13,16,555104,9,14,15,40412,2,4,4,40833,1,2,2,55788,3,4,5,,,,,,,,,,,,
3615,0,0,0,48405,11,19,21,55008,11,20,20,57885,13,31,39,39452,10,17,20,53734,13,24,27,51702,9,15,17,48306,9,13,16,556016,9,13,14,41324,2,4,4,41745,1,2,2,56631,3,4,5,,,,,,,,,,,,
4528,0,0,0,49290,11,19,21,55851,11,20,20,58796,13,29,37,40364,10,17,21,54575,12,24,27,52544,9,15,17,49218,9,13,16,556858,9,13,14,42168,2,4,4,42589,2,3,3,57543,3,4,5,,,,,,,,,,,,
5481,0,0,0,50174,11,19,21,56764,11,19,19,59707,13,28,37,41203,10,17,21,55415,12,24,27,53386,9,15,17,50060,9,13,16,557700,9,13,14,43011,2,4,4,43430,2,3,3,58386,3,4,5,,,,,,,,,,,,
6434,0,0,0,51130,12,21,21,57607,11,19,19,60618,13,28,36,42044,10,17,21,56326,12,23,27,54298,8,14,16,50902,9,13,16,558612,9,12,12,43922,2,4,4,44343,2,3,3,59229,3,4,5,,,,,,,,,,,,
7388,0,0,0,52014,12,21,21,58449,11,19,19,61530,13,28,33,42954,10,16,18,57166,12,23,27,55140,8,14,16,51814,8,13,16,559454,9,12,12,44766,2,4,4,45186,2,3,3,60141,2,3,4,,,,,,,,,,,,
8300,0,0,0,52898,12,21,21,59363,11,17,17,62440,13,26,28,43866,10,17,20,58007,12,23,26,55982,8,14,16,52656,8,13,16,560295,9,12,12,45608,2,4,4,46028,2,3,3,60984,2,3,4,,,,,,,,,,,,
9212,0,0,0,53812,10,19,19,60207,11,17,17,63351,14,28,30,44776,10,17,20,58918,12,23,25,56894,9,16,19,53498,8,13,16,561208,10,14,14,46521,2,4,4,46941,2,3,3,61827,2,3,4,,,,,,,,,,,,
10124,0,0,0,54656,10,19,19,61049,11,17,17,64263,13,28,29,45686,10,19,19,59759,12,23,25,57806,8,14,19,54410,8,12,15,562050,10,14,14,47364,2,4,4,47783,2,3,3,62739,2,3,4,,,,,,,,,,,,
11036,0,0,0,55498,10,19,19,61963,12,17,19,65173,13,27,29,46598,10,20,20,60600,12,23,25,58719,7,13,17,55252,8,12,15,562892,10,14,14,48206,2,4,4,48626,1,2,2,63582,2,3,4,,,,,,,,,,,,
11949,0,0,0,56412,10,19,19,62807,12,18,20,66014,13,27,29,47508,10,21,21,61511,14,24,26,59630,7,13,17,56094,8,12,15,563805,10,14,14,49119,1,2,2,49539,1,2,2,64425,2,3,4,,,,,,,,,,,,
12861,0,0,0,57255,10,19,19,63649,12,18,20,66854,13,27,29,48418,11,23,23,62351,14,24,26,60544,7,12,18,57007,8,12,15,564646,10,14,14,49961,1,2,2,50381,1,2,2,65338,2,3,3,,,,,,,,,,,,
13773,0,0,0,58098,10,19,19,64563,12,19,20,67766,13,26,30,49330,10,23,24,63192,14,24,26,61455,8,13,20,57848,8,12,15,565488,10,14,14,50805,1,2,2,51224,2,3,3,66181,2,3,3,,,,,,,,,,,,
14686,0,0,0,59012,10,19,19,65406,12,18,19,68606,13,26,30,50240,10,22,24,64103,12,22,26,62367,8,13,20,58690,8,12,15,566402,10,14,14,51718,1,2,2,52136,2,3,3,67023,2,3,3,,,,,,,,,,,,
19344,6,6,6,59855,10,19,19,66249,12,18,19,69447,13,26,30,51150,10,22,24,64944,12,22,26,63279,7,13,20,59603,8,11,12,567243,10,14,14,52560,2,3,3,52979,2,3,3,67936,2,3,3,,,,,,,,,,,,
20849,12,20,25,60698,10,19,19,67163,12,18,21,70359,12,24,27,52061,11,23,24,65784,12,22,26,64191,7,13,21,60446,8,11,12,568085,10,14,14,53403,2,3,3,53822,2,3,3,68779,2,3,3,,,,,,,,,,,,
21764,12,20,25,61612,10,19,21,68005,12,18,21,71199,12,24,27,52972,11,24,25,66695,12,24,26,65103,8,14,23,61288,8,11,12,568997,10,14,14,54316,2,3,3,54734,2,3,3,69621,2,3,3,,,,,,,,,,,,
22606,12,20,25,62454,10,19,21,68849,12,18,21,72040,12,24,27,53882,11,24,25,67535,12,24,26,66015,7,13,21,62199,8,11,12,569839,10,14,14,55160,2,3,3,55578,2,3,3,70535,3,4,4,,,,,,,,,,,,
23449,11,20,24,63298,10,19,21,69763,12,17,19,72950,14,24,26,54723,11,24,25,68376,12,24,26,66927,8,13,20,63041,8,11,12,570681,10,14,14,56002,2,3,3,56420,2,3,3,71377,3,4,4,,,,,,,,,,,,
24364,11,21,24,64211,10,20,21,70605,12,17,19,73791,14,24,26,55564,11,24,25,69287,12,22,27,67840,8,14,20,63884,8,11,12,571593,11,15,15,56914,2,3,3,57332,2,3,3,72220,3,4,4,,,,,,,,,,,,
25207,11,21,24,65054,10,20,21,71448,12,17,19,74632,14,24,26,56474,11,23,25,70128,12,22,27,68681,8,14,20,64796,8,12,12,572435,11,15,15,57757,2,3,3,58175,2,3,3,73133,3,4,4,,,,,,,,,,,,
26049,11,21,24,65898,10,20,21,72363,12,17,19,75543,12,24,26,57315,11,23,25,70969,12,22,27,69523,8,14,20,65638,8,12,12,573278,11,15,15,58600,2,3,3,59018,2,3,3,73976,3,4,4,,,,,,,,,,,,
26963,11,20,22,66811,11,20,21,73205,12,17,19,76384,13,24,27,58155,11,23,25,71879,12,22,25,70434,8,13,20,66480,8,12,12,574190,11,15,15,59512,2,3,3,59930,2,3,3,74819,3,4,4,,,,,,,,,,,,
27806,11,20,22,67654,11,20,21,74048,12,17,19,77224,13,24,27,59066,11,23,26,72720,12,22,25,71277,8,13,20,67392,8,11,12,575032,11,15,15,60356,2,3,3,60773,2,3,3,75731,2,3,3,,,,,,,,,,,,
28649,11,20,22,68498,11,20,21,74961,12,16,18,78136,13,24,28,59906,11,23,26,73561,12,22,25,72119,8,13,20,68234,8,11,12,575874,11,15,15,61199,2,3,3,61616,2,3,3,76574,2,3,3,,,,,,,,,,,,
29563,11,18,22,69411,11,18,20,75805,12,16,18,78977,12,24,28,60746,11,23,26,74471,12,21,25,73030,8,14,19,69075,8,11,12,576786,11,15,15,62111,2,3,3,62529,2,4,4,77417,2,3,3,,,,,,,,,,,,
30406,11,18,22,70254,11,18,20,76648,12,16,18,79817,12,24,28,61657,11,23,26,75312,12,21,25,73872,8,14,19,69988,8,11,13,577628,11,15,15,62954,2,3,3,63372,2,4,4,78329,2,3,3,,,,,,,,,,,,
31250,11,18,22,71098,11,18,20,77561,12,17,19,80728,12,23,27,62497,11,23,26,76152,12,21,25,74714,8,14,19,70831,8,11,13,578469,11,15,15,63797,2,3,3,64215,2,4,4,79172,2,3,3,,,,,,,,,,,,
32163,12,21,24,72011,11,18,20,78405,12,17,19,81568,12,23,27,63338,11,23,26,77064,12,22,26,75626,8,13,17,71672,8,11,13,579382,11,15,16,64709,2,3,3,65127,2,3,3,80016,2,3,3,,,,,,,,,,,,
33007,12,21,24,72854,11,18,20,79248,12,17,19,82409,13,23,27,64248,12,22,25,77904,12,22,26,76468,8,13,17,72585,8,12,14,580224,11,15,16,65553,2,3,3,65970,2,3,3,80928,3,4,4,,,,,,,,,,,,
33850,12,21,24,73697,11,18,20,80161,12,17,19,83320,13,24,28,65089,12,22,25,78745,12,22,26,77309,8,13,17,73426,8,12,14,581065,11,15,16,66396,2,3,3,66812,2,3,3,81771,3,4,4,,,,,,,,,,,,
34763,12,18,23,74611,13,19,21,81004,12,17,19,84162,13,24,28,65929,12,22,25,79655,12,23,27,78222,8,13,17,74268,8,12,14,581978,11,14,16,67308,1,2,2,67725,2,4,4,82614,3,4,4,,,,,,,,,,,,
35607,12,18,23,75454,13,19,21,81848,12,17,19,85002,12,24,28,66840,12,22,24,80496,12,23,27,79064,8,13,17,75181,8,12,15,582820,11,14,16,68151,1,2,2,68568,2,4,4,83526,3,4,4,,,,,,,,,,,,
36450,12,18,23,76298,13,19,21,82761,12,17,19,85913,12,23,27,67680,12,22,24,81337,12,23,27,79905,8,13,17,76023,8,12,15,583662,11,14,16,68994,1,2,2,69410,1,3,3,84369,3,4,4,,,,,,,,,,,,
37363,12,19,23,77210,11,19,21,83604,12,17,19,86754,12,23,27,68520,12,22,24,82248,13,24,28,80818,8,12,17,76865,8,12,15,584574,11,15,17,69906,1,2,2,70323,1,3,3,85212,3,4,4,,,,,,,,,,,,
38207,12,19,23,78054,11,19,21,84448,12,17,19,87595,12,23,27,69431,11,22,25,83089,13,24,28,81659,8,12,17,77777,8,12,15,585416,11,15,17,70749,1,2,2,71165,1,3,3,86124,3,4,4,,,,,,,,,,,,
39050,12,19,23,78897,11,19,21,85361,13,18,20,88506,12,21,27,70272,11,22,25,83930,13,24,28,82502,8,12,17,78619,8,12,15,586258,11,15,17,71591,1,2,2,72008,2,4,4,86968,3,4,4,,,,,,,,,,,,
39964,12,19,23,79810,13,20,23,86204,13,18,20,89347,12,21,27,71112,11,22,25,84840,13,26,29,83414,8,12,16,79461,8,12,15,587170,11,15,17,72504,1,2,2,72921,2,4,4,87811,3,4,4,,,,,,,,,,,,
40807,12,19,23,80655,13,20,23,87047,13,18,20,90187,12,21,27,72023,11,21,23,85681,13,26,29,84255,8,12,16,80373,8,12,17,588013,11,15,17,73347,1,2,2,73764,2,4,4,88723,2,3,3,,,,,,,,,,,,
41650,12,19,23,81497,13,20,23,87961,12,18,19,91099,12,23,25,72862,12,22,24,86521,13,26,29,85098,8,12,16,81215,8,12,17,588855,11,15,17,74189,1,2,2,74606,2,4,4,89566,2,3,3,,,,,,,,,,,,
42564,11,19,24,82410,14,21,26,88804,12,18,19,91939,12,23,25,73703,12,22,24,87433,13,26,31,86010,8,13,16,82057,8,12,17,589767,10,15,16,75102,1,2,2,75518,1,3,3,90408,2,3,3,,,,,,,,,,,,
43408,11,19,24,83254,14,21,26,89648,11,18,19,92780,12,23,25,74613,12,23,25,88272,13,26,31,86852,8,13,16,82969,8,13,17,590609,10,15,16,75945,1,2,2,76361,1,3,3,91321,2,3,3,,,,,,,,,,,,
44251,11,19,24,84097,14,21,26,90560,11,17,20,93690,11,23,24,75454,12,23,25,89113,13,26,31,87694,8,13,16,83812,8,13,17,591451,10,15,16,76788,1,2,2,77204,1,3,3,92163,2,3,3,,,,,,,,,,,,
45165,12,19,24,85010,13,20,26,91403,11,17,20,94531,11,23,24,76294,12,23,25,90024,13,24,29,88606,8,13,16,84655,8,13,17,592363,10,15,18,77701,1,2,2,78116,2,4,4,93005,2,3,3,,,,,,,,,,,,
46008,12,19,24,85853,13,20,26,92247,11,17,20,95372,11,23,24,77205,12,22,25,90865,13,24,29,89448,8,13,16,85566,7,13,19,593206,10,15,18,78543,1,2,2,78959,2,4,4,93919,2,3,3,,,,,,,,,,,,
46852,12,19,24,86696,12,20,25,93161,11,17,19,96283,11,21,24,78045,12,22,25,91706,13,24,29,90290,8,13,16,86408,7,13,19,594046,10,15,18,79387,1,2,2,79803,2,4,4,94761,2,3,3,,,,,,,,,,,,
47765,12,19,25,87610,12,20,23,94004,11,17,19,97124,11,21,24,78885,12,22,25,92616,13,26,29,91201,8,12,16,87249,7,13,19,594959,10,15,20,80300,1,2,2,80715,2,4,4,95604,2,3,3,,,,,,,,,,,,
48608,12,19,25,88453,12,20,23,94846,11,17,19,97965,11,21,24,79796,12,22,25,93457,13,26,29,92044,8,12,16,88162,7,13,19,595802,10,15,20,81142,1,2,2,81558,1,3,3,96517,2,2,2,,,,,,,,,,,,
49452,12,19,25,89296,12,20,23,95761,11,18,20,98876,11,21,24,80636,12,22,25,94298,13,26,29,92886,8,12,16,89005,7,13,19,596643,10,15,20,81985,1,2,2,82400,1,3,3,97359,2,2,2,,,,,,,,,,,,
50365,12,18,24,90210,12,20,23,96604,11,18,20,99717,11,21,24,81476,12,22,25,95208,13,26,28,93797,8,14,17,89846,7,13,19,597556,10,14,19,82897,1,2,2,83312,1,3,4,98202,2,2,2,,,,,,,,,,,,
51208,12,18,24,91053,12,20,23,97446,11,18,20,100557,11,21,24,82386,12,23,24,96049,13,26,28,94640,8,14,17,90759,8,13,19,598397,10,14,19,83740,1,2,2,84155,1,3,4,99115,2,2,2,,,,,,,,,,,,
52051,12,18,24,91896,12,20,23,98360,11,19,21,101468,11,23,24,83227,12,23,24,96889,13,26,28,95481,8,14,17,91600,8,13,19,599239,10,14,19,84584,1,2,2,84998,1,3,4,99957,2,2,2,,,,,,,,,,,,
52965,12,20,28,92810,12,19,22,99204,11,19,21,102309,11,23,24,84068,12,23,24,97801,13,24,28,96393,8,14,18,92442,8,13,19,600152,11,14,19,85496,1,2,2,85910,1,3,3,100801,2,2,2,,,,,,,,,,,,
53878,12,20,28,93652,12,19,22,100046,11,19,21,103150,11,22,24,84978,12,23,23,98641,13,24,28,97305,8,14,18,93355,8,14,21,600994,11,14,19,86339,1,2,2,86753,1,3,3,101713,2,2,2,,,,,,,,,,,,
54793,12,19,27,94496,12,19,22,100960,11,19,21,104061,12,24,24,85819,12,23,23,99482,13,24,28,98217,8,14,19,94196,8,14,21,601836,11,14,19,87183,1,2,2,87596,1,3,3,102556,2,2,2,,,,,,,,,,,,
55706,12,19,27,95410,12,20,23,101803,11,19,21,104902,12,24,24,86659,12,23,23,100392,13,24,27,99129,8,14,19,95039,8,14,21,602748,10,15,20,88095,2,2,2,88508,1,2,3,103399,2,2,2,,,,,,,,,,,,
56620,12,20,27,96252,12,20,23,102645,11,19,21,105743,12,24,24,87570,12,22,22,101233,13,24,27,100041,7,14,18,95951,8,14,20,603590,10,15,20,88939,2,2,2,89351,1,2,3,104312,2,2,2,,,,,,,,,,,,
57534,13,20,27,97096,12,20,23,103559,11,20,22,106654,12,26,26,88410,12,22,22,102074,13,24,27,100954,7,15,18,96793,8,14,20,604432,10,15,20,89782,2,2,2,90193,1,2,3,105155,2,2,2,,,,,,,,,,,,
58447,13,21,27,98010,12,20,23,104402,11,20,22,107495,12,26,26,89250,12,22,22,102985,13,24,25,101866,7,14,17,97635,8,14,20,605344,11,15,19,90694,1,2,2,91106,1,3,3,105998,2,2,2,,,,,,,,,,,,
59361,13,21,26,98853,12,20,23,105245,11,20,22,108336,12,26,26,90161,12,20,20,103826,13,24,25,102777,7,14,16,98547,8,13,18,606186,11,15,19,91538,1,2,2,91949,1,3,3,106909,2,2,2,,,,,,,,,,,,
60275,13,22,27,99695,12,20,23,106159,11,21,23,109246,11,24,24,91001,12,21,21,104666,13,24,25,103690,8,14,16,99389,8,13,18,607028,11,15,19,92381,1,2,2,92791,1,3,3,107753,2,2,2,,,,,,,,,,,,
61189,13,24,29,100610,12,20,24,107001,11,21,23,110157,12,25,25,91841,12,21,21,105577,13,22,24,104602,8,13,15,100232,8,13,18,607940,11,15,18,93294,1,2,2,93704,0,2,3,108596,1,1,1,,,,,,,,,,,,
62103,14,23,24,101452,12,20,24,107845,11,21,23,111069,12,25,25,92752,12,21,21,106418,13,22,24,105515,8,14,16,101144,8,13,17,608783,11,15,18,94137,1,2,2,94546,0,2,3,109508,0,1,1,,,,,,,,,,,,
63016,13,24,25,102295,12,20,24,108759,11,20,22,111980,12,25,25,93592,12,20,20,107258,13,22,24,106427,7,15,15,101986,8,13,17,609625,11,15,18,94980,1,2,2,95389,0,2,3,110351,0,1,1,,,,,,,,,,,,
63930,14,25,26,103209,12,20,24,109672,10,21,25,112890,12,25,25,94433,12,20,20,108169,12,22,23,107339,8,15,15,102828,8,13,17,610537,10,15,19,95892,2,3,3,96302,0,2,3,111194,1,2,2,,,,,,,,,,,,
64774,14,25,26,104053,12,20,24,110585,10,22,26,113802,12,27,28,95343,12,20,20,109009,12,22,23,108180,8,15,15,103740,8,13,17,611380,10,15,19,96735,2,3,3,97144,0,2,3,112106,1,2,2,,,,,,,,,,,,
65615,14,24,26,104896,12,20,24,111499,10,23,25,114713,12,26,29,96184,12,20,20,109850,12,22,23,109022,8,15,15,104582,8,13,17,612221,10,15,19,97577,2,3,3,97987,0,2,3,112949,1,2,2,,,,,,,,,,,,
66530,14,24,26,105809,12,21,25,112412,10,23,26,115623,12,25,28,97024,12,20,20,110761,12,20,20,109934,8,15,15,105424,8,13,17,613134,10,14,19,98490,2,3,3,98899,0,2,3,113793,0,1,1,,,,,,,,,,,,
67374,14,24,26,106652,12,21,25,113327,10,23,28,116535,14,25,26,97935,12,20,22,111601,12,21,21,110776,8,15,15,106336,8,13,15,613975,10,14,19,99333,2,3,3,99742,0,2,3,114705,0,1,1,,,,,,,,,,,,
68216,14,24,26,107496,12,21,25,114240,10,23,28,117446,12,25,28,98775,12,20,22,112442,12,21,21,111618,8,15,15,107179,8,13,15,614816,10,14,19,100176,2,3,3,100585,0,2,3,115548,0,1,1,,,,,,,,,,,,
69130,14,24,25,108408,11,20,24,115153,10,23,28,118356,14,27,30,99615,12,20,22,113353,11,21,21,112529,8,14,14,108020,8,13,15,615729,10,15,19,101088,2,3,3,101497,0,2,3,116390,0,1,1,,,,,,,,,,,,
69972,14,24,25,109252,11,20,24,116067,10,24,28,119268,14,26,30,100526,11,18,19,114194,11,20,20,113371,8,14,14,108934,8,13,15,616570,10,15,19,101932,2,3,3,102340,1,3,4,117303,0,1,2,,,,,,,,,,,,
70816,14,24,25,110095,11,20,24,116981,10,23,26,120179,14,27,30,101366,11,18,19,115034,11,20,20,114213,8,14,14,109774,8,13,15,617412,10,15,19,102773,2,3,3,103183,1,3,4,118147,0,1,2,,,,,,,,,,,,
71730,14,24,25,111008,12,20,24,117895,11,25,29,121020,14,27,29,102206,11,18,19,115945,11,20,20,115125,9,14,14,110617,8,13,15,618324,11,16,19,103687,2,4,4,104096,1,3,3,118989,0,1,2,,,,,,,,,,,,
72573,14,24,25,111852,12,20,24,118808,11,23,25,121861,14,27,29,103116,11,18,20,116786,11,20,20,115968,9,14,14,111529,8,12,14,619166,11,16,19,104529,2,4,4,104938,1,3,3,119902,0,1,2,,,,,,,,,,,,
73416,14,24,25,112695,12,20,24,119721,11,23,24,122772,14,27,30,103957,11,18,20,117626,11,20,20,116809,9,14,14,112370,8,12,14,620009,11,16,19,105372,2,4,4,105781,1,3,3,120744,0,1,2,,,,,,,,,,,,
74330,14,25,25,113608,12,22,27,120564,11,23,24,123613,13,26,30,104797,11,18,20,118537,12,20,20,117721,8,14,14,113213,8,12,14,620921,11,16,19,106285,2,4,4,106693,1,3,3,121587,0,1,2,,,,,,,,,,,,
75173,14,25,25,114523,12,23,28,121407,11,23,24,124453,13,26,30,105707,9,17,19,119377,12,20,20,118562,8,14,14,114124,8,12,14,621763,11,16,19,107127,2,4,4,107536,1,3,3,122501,0,1,2,,,,,,,,,,,,
76017,14,25,25,115436,12,23,28,122321,11,23,24,125364,15,29,31,106548,9,17,19,120218,12,20,20,119404,8,14,14,114967,8,12,14,622605,11,16,19,107971,2,4,4,108379,1,3,3,123343,0,1,2,,,,,,,,,,,,
76931,13,25,25,116350,13,24,29,123164,11,23,24,126205,15,29,31,107388,9,17,19,121128,11,19,19,120316,8,14,14,115809,8,12,14,623517,11,16,18,108883,2,3,3,109291,1,3,3,124187,0,1,2,,,,,,,,,,,,
77773,13,26,26,117264,13,24,28,124007,11,23,24,127045,15,29,31,108298,9,17,18,121969,11,19,19,121158,8,14,14,116721,7,13,15,624359,11,16,18,109726,2,3,3,110134,1,3,3,125099,0,1,2,,,,,,,,,,,,
78617,13,26,26,118177,13,23,27,124920,12,22,24,127956,15,29,31,109138,9,17,18,122810,11,19,19,122000,8,14,14,117563,7,13,15,625201,11,16,18,110569,2,3,3,110977,1,3,3,125941,0,1,2,,,,,,,,,,,,
79531,14,26,26,119092,12,25,29,125764,12,22,24,128797,15,29,31,109979,9,17,18,123720,10,19,19,122912,8,13,13,118405,7,13,15,626113,11,16,18,111481,2,3,3,111890,1,3,3,126785,0,1,2,,,,,,,,,,,,
80374,14,25,25,120005,12,25,27,126607,12,22,24,129638,15,29,31,110889,9,17,18,124561,10,19,19,123754,8,13,13,119317,8,12,16,626955,11,16,18,112324,3,4,4,112733,1,3,3,127698,0,1,2,,,,,,,,,,,,
81217,14,25,25,120919,12,25,25,127520,11,22,22,130549,15,29,32,111729,9,17,18,125402,10,19,19,124596,8,13,13,120159,8,12,16,627796,11,16,18,113167,3,4,4,113575,1,3,3,128541,0,1,2,,,,,,,,,,,,
82130,14,23,23,121832,12,27,27,128363,11,22,22,131390,15,29,32,112570,9,17,18,126312,11,18,20,125508,8,13,13,121000,8,12,16,628710,11,15,19,114079,2,4,4,114488,2,4,4,129384,0,1,2,,,,,,,,,,,,
83045,13,23,25,122746,14,27,27,129206,11,22,22,132231,15,29,32,113480,8,16,17,127153,11,18,20,126350,8,13,13,121913,8,12,16,629552,11,15,19,114923,2,4,4,115331,2,4,4,130296,0,1,2,,,,,,,,,,,,
83958,13,23,25,123660,14,27,27,130119,11,21,22,133142,13,29,32,114321,8,16,17,127993,11,18,20,127193,8,13,13,122755,8,12,16,630393,11,15,19,115766,2,4,4,116173,2,4,4,131139,0,1,2,,,,,,,,,,,,
84872,12,23,27,124574,15,28,28,130962,11,21,22,133983,13,29,32,115161,8,16,17,128905,11,17,19,128104,9,13,13,123596,8,12,16,631306,10,15,20,116678,2,4,4,117086,2,3,3,131982,0,1,2,,,,,,,,,,,,
85786,12,23,27,125417,15,28,28,131805,11,21,22,134823,13,29,32,116071,9,17,18,129744,11,17,19,128946,9,13,13,124509,7,13,17,632147,10,15,20,117521,2,4,4,117928,2,3,3,132895,0,1,2,,,,,,,,,,,,
86700,12,23,26,126261,15,28,28,132718,12,21,22,135735,13,27,31,116912,9,17,18,130586,11,17,19,129788,9,13,13,125350,7,13,17,632989,10,15,20,118364,2,4,4,118771,2,3,3,133738,0,1,2,,,,,,,,,,,,
87614,12,22,26,127174,15,28,28,133562,12,21,22,136576,13,27,31,117752,9,17,18,131496,9,17,18,130700,9,13,13,126192,7,13,17,633902,10,15,20,119276,2,4,4,119685,2,3,3,134581,0,1,2,,,,,,,,,,,,
88527,11,22,27,128017,15,28,28,134446,12,21,22,137416,13,27,31,118663,9,17,18,132336,9,17,18,131544,9,13,13,127105,7,14,19,634743,10,15,20,120119,2,4,4,120527,2,3,3,135493,1,2,3,,,,,,,,,,,,
89441,12,22,27,128862,15,28,28,135359,11,19,21,138327,13,27,29,119502,9,17,18,133177,9,17,18,132384,9,13,13,127946,7,14,19,635586,10,15,20,120962,2,4,4,121370,2,3,3,136336,1,2,3,,,,,,,,,,,,
90354,11,21,26,129774,14,29,29,136203,11,19,21,139167,13,27,29,120343,9,17,18,134088,9,15,18,133296,9,12,12,128788,7,14,19,636497,11,16,20,121875,2,4,4,122283,3,4,4,137179,1,2,3,,,,,,,,,,,,
91269,11,21,26,130617,14,29,29,137046,11,19,21,140009,13,27,29,121253,9,17,18,134929,9,15,18,134137,9,12,12,129700,8,15,18,637339,11,16,20,122718,2,4,4,123125,3,4,4,138091,1,2,2,,,,,,,,,,,,
92183,12,23,25,131461,14,29,29,137960,11,19,20,140919,13,27,29,122094,9,17,18,135770,9,15,18,134980,9,12,12,130543,8,15,18,638181,11,16,20,123560,2,4,4,123968,3,4,4,138934,1,2,2,,,,,,,,,,,,
93095,13,23,25,132374,14,29,29,138803,11,19,20,141760,13,27,29,122935,9,17,18,136680,9,15,18,135891,9,12,12,131385,8,15,18,639094,11,16,21,124474,2,4,4,124880,3,4,4,139777,1,2,2,,,,,,,,,,,,
93938,13,23,25,133217,14,29,29,139645,11,19,20,142601,13,27,29,123845,11,18,18,137521,9,15,18,136733,9,12,12,132298,8,15,19,639936,11,16,21,125316,2,4,4,125723,3,4,4,140690,0,1,2,,,,,,,,,,,,
94782,13,23,25,134060,14,29,29,140559,11,19,20,143512,15,29,30,124686,11,18,18,138361,9,15,18,137576,9,12,12,133139,8,14,19,640778,11,16,21,126158,2,4,4,126567,2,3,3,141533,0,1,2,,,,,,,,,,,,
95695,14,23,24,134974,14,25,25,141402,11,19,20,144354,15,29,30,125526,11,18,18,139272,9,14,16,138488,8,13,13,133981,8,14,19,641690,11,16,20,127071,2,4,4,127479,1,3,3,142375,0,1,2,,,,,,,,,,,,
96539,14,23,24,135817,14,25,25,142244,11,19,20,145193,15,29,30,126437,11,18,18,140112,9,14,16,139330,8,13,13,134893,7,13,18,642532,11,16,20,127913,2,4,4,128322,1,3,3,143288,1,1,1,,,,,,,,,,,,
97382,14,23,24,136660,14,25,25,143158,10,19,21,146105,13,27,29,127277,11,18,18,140953,9,14,16,140172,8,13,13,135735,7,13,17,643374,11,16,20,128757,2,4,4,129165,2,4,4,144131,1,1,1,,,,,,,,,,,,
98295,14,22,23,137574,14,24,24,144002,10,19,21,147016,13,27,30,128117,11,18,18,141863,10,15,16,141084,8,12,12,136577,7,13,17,644286,10,15,19,129670,2,4,4,130078,3,4,4,144973,1,1,1,,,,,,,,,,,,
99139,14,22,23,138417,14,24,24,144844,10,19,21,147928,13,26,29,129028,10,19,21,142704,10,15,16,141926,8,12,12,137489,8,13,15,645129,10,15,19,130513,2,4,4,130920,3,4,4,145886,1,2,2,,,,,,,,,,,,
99982,14,22,23,139259,14,24,24,145759,11,19,22,148838,13,26,26,129868,10,19,21,143545,10,15,16,142768,8,12,12,138331,8,13,15,645970,10,15,19,131355,2,4,4,131763,3,4,4,146728,2,3,3,,,,,,,,,,,,
100895,14,23,24,140174,14,24,24,146642,11,19,22,149749,13,26,26,130708,10,19,21,144456,9,15,16,143680,8,12,12,139172,8,13,15,646883,10,15,18,132268,2,3,3,132675,3,4,4,147571,2,3,3,,,,,,,,,,,,
101739,14,23,24,141017,14,24,24,147486,11,19,22,150661,15,26,26,131619,10,19,23,145297,9,15,16,144522,8,12,12,140085,8,14,16,647725,10,15,18,133110,2,3,3,133518,3,4,4,148484,2,3,3,,,,,,,,,,,,
102582,14,23,24,141859,14,24,24,148441,11,19,21,151571,15,28,29,132460,11,20,23,146137,9,15,16,145363,8,12,12,140926,8,14,16,648566,10,15,18,133954,2,3,3,134361,3,4,4,149327,2,3,3,,,,,,,,,,,,
103495,13,22,23,142774,14,24,24,149325,11,19,21,152482,15,28,29,133300,11,20,23,147048,10,17,19,146276,8,12,12,141769,8,14,16,649479,10,15,18,134866,1,3,3,135273,3,4,4,150170,1,2,2,,,,,,,,,,,,
104339,13,22,23,143617,14,24,24,150168,11,19,21,153394,15,29,31,134211,12,20,24,147889,10,17,19,147118,8,12,12,142681,8,13,14,650320,10,15,18,135709,1,3,3,136116,3,4,4,151083,1,2,2,,,,,,,,,,,,
105182,13,22,23,144459,14,24,24,151081,11,19,22,154305,12,29,31,135051,12,19,24,148731,10,17,19,147959,8,12,12,143522,8,13,14,651162,10,15,18,136552,1,3,3,136958,3,4,4,151925,1,2,2,,,,,,,,,,,,
106095,14,23,23,145374,12,23,23,151925,11,19,22,155215,12,30,36,135891,12,19,24,149642,10,18,20,148873,9,13,13,144365,8,13,14,652076,11,16,19,137464,1,3,3,137871,2,4,4,152768,1,2,2,,,,,,,,,,,,
106939,14,23,23,146216,13,23,23,152768,11,19,22,156127,13,29,35,136802,11,21,24,150482,10,18,20,149714,9,13,13,145276,8,13,13,652917,11,16,19,138308,1,3,3,138714,2,4,4,153680,1,2,2,,,,,,,,,,,,
107782,14,23,23,147060,13,23,23,153681,11,20,25,157038,13,29,36,137643,11,21,24,151323,10,18,20,150556,9,13,13,146119,8,13,13,653759,11,16,19,139150,1,3,3,139556,2,4,4,154522,1,2,2,,,,,,,,,,,,
108695,14,22,22,147974,11,22,22,154524,11,20,25,157879,13,29,36,138483,11,21,24,152235,12,19,20,151469,9,13,14,146961,8,13,13,654671,11,16,19,140062,1,3,3,140470,2,3,3,155365,1,2,2,,,,,,,,,,,,
109539,14,22,22,148816,11,22,22,155368,11,20,25,158720,13,29,36,139394,11,21,24,153075,12,19,20,152310,9,13,14,147873,7,13,13,655513,11,16,19,140905,1,3,3,141313,2,3,3,156278,2,3,4,,,,,,,,,,,,
110382,14,22,22,149660,11,22,22,156281,11,20,24,159631,12,28,35,140234,11,21,24,153916,12,19,20,153152,9,13,14,148715,7,13,13,656355,11,16,19,141749,1,3,3,142155,2,3,3,157121,2,3,4,,,,,,,,,,,,
111295,13,22,24,150574,11,20,20,157125,11,20,24,160472,12,28,35,141074,11,21,24,154826,13,21,24,154064,8,12,13,149557,7,13,13,657267,11,16,18,142661,1,3,3,143068,2,3,3,157964,2,3,4,,,,,,,,,,,,
112139,13,22,24,151417,11,20,20,157968,11,20,24,161311,12,28,35,141985,11,21,25,155667,13,21,24,154906,8,12,13,150469,8,12,13,658109,11,16,18,143504,1,3,3,143910,1,2,2,158876,2,3,4,,,,,,,,,,,,
112982,13,22,24,152261,11,20,20,158881,11,22,27,162223,13,30,37,142825,11,21,25,156508,13,21,24,155749,8,12,13,151312,8,12,13,658951,11,16,18,144347,1,3,3,144753,1,2,2,159719,2,3,4,,,,,,,,,,,,
113895,13,21,25,153175,11,20,22,159795,12,23,27,163134,13,30,37,143666,11,21,25,157418,12,23,25,156660,8,12,12,152153,8,12,13,659864,11,16,17,145259,1,3,3,145666,1,2,2,160562,2,3,4,,,,,,,,,,,,
114738,13,21,25,154018,11,20,22,160708,11,22,26,164045,13,30,37,144576,12,21,25,158259,12,23,25,157501,8,12,12,153065,8,12,13,660705,11,16,17,146102,1,3,3,146508,1,2,2,161474,2,3,4,,,,,,,,,,,,
115582,13,21,25,154860,11,20,22,161622,11,22,26,164957,13,30,37,145417,12,21,25,159099,12,22,25,158344,8,12,12,153907,8,12,13,661547,11,16,17,146945,1,3,3,147351,2,3,3,162317,2,3,4,,,,,,,,,,,,
116495,13,21,24,155774,11,21,22,162536,11,22,27,165867,14,29,35,146257,12,21,25,160011,13,24,28,159256,9,12,13,154748,8,12,13,662459,11,15,15,147857,2,2,2,148263,2,2,2,163160,2,3,4,,,,,,,,,,,,
117340,13,21,24,156617,11,21,22,163449,11,22,25,166778,12,26,33,147168,12,23,27,160851,13,24,28,160098,9,12,13,155661,8,12,13,663301,11,15,15,148700,2,2,2,149106,2,2,2,164072,2,4,4,,,,,,,,,,,,
118181,13,21,24,157460,11,21,22,164363,11,22,27,167689,14,26,30,148008,12,23,27,161692,13,24,28,160940,9,12,13,156504,8,12,13,664142,11,15,15,149542,2,2,2,149949,2,2,2,164915,2,4,4,,,,,,,,,,,,
119095,12,21,24,158374,12,22,24,165276,11,23,28,168600,13,27,34,148849,12,23,27,162603,13,24,30,161852,9,13,15,157345,8,12,13,665055,11,15,15,150456,1,2,2,150861,2,2,2,165757,2,4,4,,,,,,,,,,,,
119938,12,21,24,159218,12,22,24,166190,11,23,26,169511,12,26,32,149760,12,22,26,163443,13,24,30,162694,9,13,15,158257,8,12,12,665896,11,15,15,151299,1,2,2,151705,2,2,2,166670,2,4,5,,,,,,,,,,,,
120781,12,21,24,160061,12,22,24,167104,13,24,27,170422,13,27,32,150600,12,22,26,164284,13,24,30,163535,9,13,15,159099,8,12,12,666739,11,15,15,152141,1,2,2,152547,2,2,2,167514,2,4,5,,,,,,,,,,,,
121695,12,20,25,160974,13,22,24,168017,13,22,25,171333,12,26,32,151440,12,22,26,165194,13,25,30,164448,9,12,14,159941,8,12,12,667651,11,15,15,153054,1,2,2,153459,1,1,1,168356,2,4,5,,,,,,,,,,,,
122539,12,20,25,161889,13,24,26,168931,12,22,25,172244,12,28,35,152351,12,22,27,166035,13,25,30,165289,9,12,14,160852,8,12,13,668492,11,15,15,153896,1,2,2,154303,1,1,1,169269,2,4,5,,,,,,,,,,,,
123381,12,20,25,162802,14,26,27,169844,13,23,26,173156,12,28,34,153191,12,22,27,166876,13,25,30,166131,9,12,14,161694,8,12,13,669335,11,15,15,154739,1,2,2,155146,1,1,1,170112,2,4,5,,,,,,,,,,,,
124295,12,20,25,163716,14,26,28,170688,13,23,26,173997,12,28,34,154032,12,22,27,167787,14,27,35,167044,9,13,15,162536,8,12,13,670247,11,15,15,155652,1,2,2,156058,2,2,2,170954,2,4,5,,,,,,,,,,,,
125137,12,20,25,164630,14,26,28,171531,13,23,26,174837,12,29,34,154943,12,22,25,168698,14,27,36,167885,9,13,15,163448,8,12,13,671089,11,15,15,156495,1,2,2,156901,2,2,2,171867,2,4,5,,,,,,,,,,,,
125980,12,20,25,165543,15,27,29,172444,13,23,27,175748,12,29,34,155783,12,22,25,169609,14,29,37,168727,9,13,15,164290,8,12,13,671931,11,15,15,157338,1,2,2,157744,2,2,2,172709,2,4,5,,,,,,,,,,,,
126894,12,20,25,166458,15,27,29,173287,13,23,27,176588,12,29,34,156623,12,22,25,170520,14,29,37,169639,9,13,15,165132,8,12,13,672843,10,13,17,158251,1,1,1,158656,0,1,1,173552,1,3,4,,,,,,,,,,,,
127737,12,20,25,167371,15,28,28,174131,13,23,27,177429,12,28,33,157534,12,22,23,171431,14,29,39,170481,9,13,15,166044,8,12,13,673685,10,13,17,159094,1,1,1,159499,0,1,1,174465,1,3,4,,,,,,,,,,,,
128580,12,20,25,168286,15,28,29,175044,14,23,26,178340,13,28,33,158374,12,22,23,172342,13,28,36,171323,9,13,15,166887,8,12,13,674527,10,13,17,159937,1,1,1,160342,0,1,1,175307,1,3,4,,,,,,,,,,,,
129494,12,19,25,169199,15,27,27,175887,14,23,26,179181,13,28,33,159215,12,22,23,173253,14,28,37,172235,10,14,16,167729,8,12,13,675439,9,13,16,160849,1,1,1,161254,0,1,1,176151,1,3,4,,,,,,,,,,,,
130337,12,19,25,170114,15,28,28,176730,14,23,26,180022,13,28,33,160125,12,23,24,174163,13,26,35,173077,10,14,16,168641,8,13,13,676281,9,13,16,161692,1,1,1,162097,1,2,2,177062,2,4,5,,,,,,,,,,,,
131180,12,19,25,171027,15,27,28,177644,14,24,28,180933,13,30,35,160966,12,23,24,175075,13,26,37,173919,10,14,16,169483,8,13,13,677123,9,13,16,162536,1,1,1,162939,1,2,2,177906,2,4,5,,,,,,,,,,,,
132093,12,19,24,171941,14,26,26,178487,14,24,28,181774,13,30,35,161806,12,23,24,175985,12,26,37,174831,9,13,15,170324,8,13,13,678035,9,12,16,163448,1,2,2,163852,1,2,2,178749,2,4,5,,,,,,,,,,,,
132937,12,19,24,172784,14,26,26,179330,14,24,28,182615,13,30,35,162717,12,23,24,176897,12,24,35,175673,9,13,15,171237,8,12,13,678878,9,12,16,164291,1,2,2,164695,1,2,2,179661,1,3,3,,,,,,,,,,,,
133780,12,19,24,173628,14,26,26,180243,14,24,26,183526,13,30,34,163558,12,23,24,177807,12,24,32,176515,9,13,15,172079,8,12,13,679719,9,12,16,165135,1,2,2,165538,1,2,2,180504,1,3,3,,,,,,,,,,,,
134693,12,19,25,174541,15,26,26,181086,14,24,26,184367,13,30,34,164398,12,23,24,178718,12,23,32,177427,9,14,15,172920,8,12,13,680632,9,11,14,166047,1,2,2,166451,1,2,2,181347,1,3,3,,,,,,,,,,,,
135537,12,19,25,175384,15,26,26,181928,14,24,26,185207,13,30,34,165309,13,22,23,179559,12,23,32,178269,9,14,15,173833,8,13,14,681474,9,11,14,166890,1,2,2,167293,1,2,2,182259,0,2,2,,,,,,,,,,,,
136380,12,19,25,176228,15,26,26,182842,14,24,26,186119,13,28,30,166149,13,22,23,180400,12,23,32,179110,9,14,15,174674,8,13,14,682315,9,11,14,167733,1,2,2,168136,1,2,2,183102,0,2,2,,,,,,,,,,,,
137293,12,19,25,177142,15,26,27,183685,14,24,26,186959,13,28,30,166989,13,22,23,181310,12,21,32,180024,9,14,15,175516,8,13,14,683228,9,12,15,168645,0,2,2,169049,2,2,2,183945,0,2,2,,,,,,,,,,,,
138137,12,19,25,177986,15,26,27,184527,14,24,26,187800,13,28,30,167901,13,23,24,182151,12,21,32,180865,9,14,15,176429,9,13,16,684070,9,12,15,169488,0,2,2,169891,2,2,2,184857,0,2,2,,,,,,,,,,,,
138981,12,19,25,178829,15,26,27,185441,13,23,25,188711,15,30,31,168811,14,24,25,182991,11,21,32,181706,9,14,15,177270,9,13,16,684911,9,12,15,170332,0,2,2,170734,2,2,2,185700,1,3,3,,,,,,,,,,,,
139893,12,20,24,179741,15,26,27,186286,13,23,25,189552,15,30,31,169722,13,22,23,183903,11,21,31,182619,9,14,15,178112,9,13,16,685824,10,13,16,171243,0,1,1,171646,2,3,3,186543,1,3,3,,,,,,,,,,,,
140737,12,20,24,180585,15,26,27,187127,13,23,25,190393,15,30,31,170633,13,22,23,184742,11,21,31,183461,9,14,15,179025,9,13,17,686666,10,13,16,172087,1,2,2,172489,2,3,3,187455,1,3,3,,,,,,,,,,,,
141580,12,20,24,181428,15,26,27,188041,12,22,24,191304,15,28,31,171543,12,22,25,185583,11,21,31,184303,9,14,15,179868,9,13,17,687508,10,13,16,172930,1,2,2,173332,2,3,3,188299,1,3,3,,,,,,,,,,,,
142494,12,20,25,182341,15,26,27,188883,12,22,24,192145,15,28,31,172454,12,22,25,186494,11,21,31,185214,9,13,15,180709,9,13,17,688419,10,14,18,173842,1,2,2,174244,2,3,3,189142,1,3,3,,,,,,,,,,,,
143337,11,20,25,183185,15,26,27,189726,12,22,24,192986,15,28,31,173365,12,23,25,187335,11,21,31,186057,9,13,15,181621,9,13,17,689262,10,14,18,174686,1,2,2,175087,2,3,3,190054,1,3,3,,,,,,,,,,,,
144180,11,20,25,184028,15,26,27,190640,12,22,24,193896,13,28,30,174276,12,22,29,188175,11,21,31,186899,9,13,15,182463,9,13,17,690104,10,14,18,175528,1,2,2,175931,2,3,3,190897,1,3,3,,,,,,,,,,,,
145094,11,21,26,184942,14,24,24,191483,12,22,24,194737,13,28,30,175186,12,22,29,189086,13,22,29,187811,9,13,13,183305,9,13,17,691016,9,14,18,176441,1,3,3,176842,2,3,5,191739,1,3,3,,,,,,,,,,,,
145937,11,21,26,185785,14,24,24,192326,12,22,24,195578,13,28,30,176098,12,23,30,189927,13,22,29,188653,9,13,13,184217,9,13,16,691858,9,14,18,177284,1,3,3,177685,2,3,5,192652,1,3,3,,,,,,,,,,,,
146780,11,21,26,186628,14,24,24,193240,13,23,25,196489,15,26,28,177008,11,23,28,190768,13,22,29,189495,9,13,13,185059,9,13,16,692700,9,14,18,178126,1,3,3,178528,2,3,5,193495,1,3,3,,,,,,,,,,,,
147694,13,22,26,187542,14,24,24,194082,13,23,25,197329,15,26,28,177918,11,22,26,191679,13,25,29,190407,9,13,13,185901,9,13,16,693612,10,14,19,179039,1,2,2,179441,2,3,5,194337,1,3,3,,,,,,,,,,,,
148537,13,22,26,188385,14,25,25,194926,13,23,25,198170,15,26,28,178830,11,23,28,192520,13,25,29,191249,9,13,13,186813,9,13,16,694454,10,14,19,179881,1,2,2,180284,2,3,5,195250,1,3,3,,,,,,,,,,,,
149380,13,22,26,189229,14,25,25,195838,12,21,25,199081,15,27,30,179671,11,23,28,193359,13,25,29,192091,9,13,13,187655,9,13,16,695297,10,14,19,180724,1,2,2,181127,2,3,5,196093,1,3,3,,,,,,,,,,,,
150293,13,23,27,190142,15,25,25,196682,12,21,25,199993,15,27,32,180510,11,23,28,194271,13,23,28,193003,9,12,12,188496,9,13,16,696209,10,14,20,181637,1,3,3,182039,2,3,5,196936,1,3,3,,,,,,,,,,,,
151137,13,23,27,190985,15,24,24,197525,12,21,25,200904,15,28,36,181422,11,21,26,195111,13,24,28,193845,9,12,12,189409,9,12,16,697051,10,14,20,182479,1,3,3,182882,2,3,5,197849,0,2,2,,,,,,,,,,,,
151980,13,23,27,191828,15,24,24,198438,12,20,24,201815,15,27,37,182332,11,21,24,195952,13,24,28,194686,9,12,12,190251,9,12,16,697892,10,14,20,183323,1,3,3,183725,2,3,5,198691,0,2,2,,,,,,,,,,,,
152894,12,23,27,192742,15,24,24,199281,12,20,24,202726,13,29,37,183242,11,20,23,196862,13,24,27,195599,9,12,12,191092,9,12,16,698805,10,15,18,184236,1,3,3,184637,2,3,5,199535,0,2,2,,,,,,,,,,,,
153737,12,23,27,193586,15,24,24,200124,12,20,24,203637,15,30,40,184153,11,20,25,197703,13,23,27,196441,9,12,12,192005,8,12,16,699646,10,15,18,185078,1,3,3,185479,2,3,5,200448,1,3,3,,,,,,,,,,,,
154579,12,23,27,194428,15,24,24,201037,12,20,24,204549,13,29,40,185064,11,21,23,198544,13,23,27,197282,9,12,12,192846,8,12,16,700488,10,15,18,185921,1,3,3,186322,1,2,4,201290,1,3,3,,,,,,,,,,,,
155494,13,24,26,195342,14,23,23,201881,12,20,24,205460,15,30,41,185974,11,21,22,199455,14,23,26,198195,7,11,12,193688,8,12,16,701401,10,15,18,186833,0,2,2,187235,1,3,4,202133,1,3,3,,,,,,,,,,,,
156337,13,24,26,196186,14,23,23,202724,12,20,24,206371,15,30,41,186885,11,21,22,200366,14,26,28,199036,7,11,12,194600,8,12,16,702242,10,15,18,187676,0,2,2,188078,1,3,4,203045,1,3,3,,,,,,,,,,,,
157179,13,24,26,197028,14,23,23,203637,10,20,22,207283,15,31,41,187796,11,20,21,201277,13,25,25,199878,7,11,12,195442,8,12,16,703085,10,15,18,188520,0,2,2,188920,2,4,5,203888,0,2,2,,,,,,,,,,,,
158094,11,23,26,197943,15,24,27,204480,10,20,22,208193,15,29,39,188706,11,20,21,202187,14,26,26,200791,8,12,13,196285,8,12,16,703996,10,15,17,189432,0,2,2,189833,2,4,5,204731,0,2,2,,,,,,,,,,,,
158937,11,23,26,198856,15,26,28,205323,10,20,22,209104,15,29,35,189617,11,19,20,203099,13,26,26,201632,8,12,13,197196,8,12,16,704839,10,15,17,190275,1,3,3,190675,2,4,5,205643,0,2,2,,,,,,,,,,,,
159779,11,23,26,199771,14,26,28,206236,10,19,23,210016,15,29,34,190528,12,21,22,204009,14,29,29,202474,8,12,13,198039,8,12,16,705681,10,15,17,191119,1,3,3,191518,2,4,5,206487,0,2,2,,,,,,,,,,,,
160693,11,23,26,200684,14,27,29,207079,10,19,23,210927,15,30,32,191438,12,21,23,204920,13,27,27,203386,7,12,13,198881,7,11,15,706593,10,15,18,192031,1,2,2,192431,2,4,5,207330,0,2,2,,,,,,,,,,,,
161537,11,23,26,201598,14,27,29,207922,10,19,23,211768,15,30,32,192350,12,22,24,205831,13,27,27,204229,7,12,13,199792,7,11,15,707436,10,15,18,192874,0,1,1,193273,2,4,5,208242,0,2,2,,,,,,,,,,,,
162379,11,23,26,202512,14,27,29,208836,10,19,23,212679,15,29,31,193189,12,22,24,206742,14,27,27,205071,7,12,13,200635,7,11,15,708277,10,15,18,193717,0,1,1,194116,2,4,5,209085,0,2,2,,,,,,,,,,,,
163294,11,22,26,203425,14,28,29,209680,10,19,23,213520,15,28,31,194030,12,22,24,207653,14,29,30,205983,8,12,14,201477,7,11,15,709189,10,14,17,194629,0,1,1,195028,2,4,5,209928,0,2,2,,,,,,,,,,,,
164136,11,22,26,204340,14,27,29,210522,10,19,23,214361,15,28,31,194940,12,22,22,208564,14,27,29,206825,8,12,14,202389,7,10,13,710032,10,14,17,195472,1,2,2,195871,2,4,5,210840,1,2,2,,,,,,,,,,,,
164979,11,22,26,205253,14,27,29,211435,11,19,22,215272,13,28,30,195781,12,22,22,209475,14,26,27,207667,8,12,14,203231,7,10,13,710874,10,14,17,196316,1,2,2,196714,2,4,5,211683,1,2,2,,,,,,,,,,,,
165893,11,23,26,206168,15,29,30,212278,11,19,22,216113,13,28,29,196622,12,22,22,210385,15,27,29,208579,7,11,14,204073,8,11,14,711786,9,13,16,197228,1,2,2,197626,2,4,4,212526,2,3,3,,,,,,,,,,,,
166736,11,23,26,207081,15,29,29,213122,11,19,22,216953,13,28,29,197532,12,22,23,211226,15,27,29,209421,7,11,14,204985,8,11,13,712628,9,13,16,198071,1,2,2,198469,2,4,4,213438,2,4,4,,,,,,,,,,,,
167579,11,23,26,207995,14,27,27,214035,11,19,22,217864,14,28,28,198373,12,22,23,212067,15,27,29,210263,7,11,14,205827,8,11,13,713469,9,13,16,198914,0,1,1,199312,2,4,4,214281,2,4,4,,,,,,,,,,,,
168493,11,22,24,208909,13,25,25,214878,11,19,22,218704,14,28,28,199213,12,22,23,212978,14,26,27,211175,7,11,14,206668,8,11,13,714382,9,13,16,199826,0,1,1,200225,2,4,5,215123,2,4,4,,,,,,,,,,,,
169336,11,22,24,209752,13,25,25,215720,11,19,22,219545,15,28,28,200124,12,21,22,213818,14,26,27,212017,7,11,14,207582,8,11,13,715224,9,13,16,200670,0,1,1,201068,2,4,5,216036,2,3,3,,,,,,,,,,,,
170179,11,22,24,210595,13,25,25,216634,10,17,22,220456,15,27,28,200964,12,21,22,214659,14,26,27,212858,7,11,14,208423,8,11,13,716065,9,13,16,201512,0,1,1,201911,2,4,5,216878,2,3,3,,,,,,,,,,,,
171094,13,22,24,211509,12,23,23,217477,10,17,22,221297,15,27,28,201804,12,21,22,215570,14,27,27,213771,8,12,14,209265,8,11,13,716978,9,12,15,202426,0,1,1,202823,2,4,4,217720,2,3,3,,,,,,,,,,,,
171936,13,22,24,212352,13,24,24,218320,10,17,22,222138,14,27,28,202715,12,20,21,216480,14,24,27,214612,8,12,14,210177,7,10,14,717819,9,12,15,203269,0,1,1,203667,2,4,4,218633,2,3,3,,,,,,,,,,,,
172779,13,22,24,213195,13,24,24,219233,10,16,21,223049,14,27,28,203555,12,20,21,217392,14,24,27,215454,8,12,14,211018,7,10,14,718661,9,12,15,204111,0,1,1,204510,2,4,4,219475,2,3,3,,,,,,,,,,,,
173693,11,21,23,214109,13,24,24,220077,10,16,21,223890,14,27,28,204396,12,20,21,218302,12,23,25,216367,8,12,15,211861,7,10,14,719574,9,12,15,205024,1,2,2,205422,2,4,4,220319,2,3,3,,,,,,,,,,,,
174536,11,21,23,214952,13,23,23,220919,10,16,21,224731,14,27,28,205306,12,20,21,219212,13,24,25,217208,8,12,15,212772,7,10,13,720415,9,12,15,205867,1,2,2,206265,2,4,4,221232,1,3,3,,,,,,,,,,,,
175380,11,21,23,215795,13,23,23,221833,10,16,20,225642,13,26,29,206147,12,20,21,220124,13,24,24,218050,8,12,15,213614,7,10,13,721257,9,12,15,206710,1,2,2,207108,2,4,4,222074,1,3,3,,,,,,,,,,,,
176293,11,21,22,216710,13,23,23,222675,10,16,20,226483,13,26,29,206987,12,20,21,221034,13,24,25,218962,8,13,15,214457,7,10,13,722169,9,12,13,207623,0,2,2,208019,2,3,3,222917,1,3,3,,,,,,,,,,,,
177136,11,21,22,217552,13,23,23,223518,10,16,20,227323,13,26,29,207898,12,20,22,221945,12,22,24,219804,8,13,15,215368,7,10,13,723011,9,12,13,208465,0,2,2,208863,2,3,3,223830,1,3,3,,,,,,,,,,,,
177980,11,21,22,218396,13,23,23,224432,10,16,22,228234,14,26,29,208739,12,20,22,222856,13,22,24,220646,8,13,15,216211,8,11,14,723854,9,12,13,209308,0,2,2,209705,2,3,3,224671,0,2,2,,,,,,,,,,,,
178893,11,20,22,219310,11,21,23,225274,10,16,22,229075,14,26,29,209579,12,20,22,223767,13,24,24,221557,8,13,16,217053,8,11,14,724766,9,12,14,210222,0,2,2,210618,3,4,4,225514,0,2,2,,,,,,,,,,,,
179736,11,20,22,220152,11,21,23,226117,10,16,22,229915,14,26,29,210490,12,20,22,224678,13,22,24,222400,8,13,16,217965,8,11,15,725608,9,12,14,211064,1,3,3,211461,3,4,4,226426,0,2,2,,,,,,,,,,,,
180580,11,20,22,220996,11,21,23,227031,10,15,20,230827,13,27,29,211331,12,20,22,225589,13,24,25,223242,8,13,16,218807,8,11,15,726450,9,12,14,211907,1,3,3,212303,3,4,4,227269,0,2,2,,,,,,,,,,,,
181493,11,22,24,221910,11,21,23,227873,10,15,20,231667,13,27,30,212170,12,20,22,226500,13,22,24,224153,9,13,15,219649,8,11,15,727362,9,13,15,212819,1,3,3,213216,2,3,3,228112,0,2,2,,,,,,,,,,,,
182336,11,22,24,222753,11,21,23,228717,10,15,20,232508,13,27,30,213082,12,19,21,227410,13,24,24,224996,9,13,15,220561,8,11,14,728204,9,13,15,213663,1,3,3,214059,2,3,3,229024,0,2,2,,,,,,,,,,,,
183180,11,22,24,223596,11,21,23,229630,10,15,21,233419,13,25,30,213922,12,19,21,228251,13,24,24,225838,9,13,15,221403,8,11,14,729046,9,13,15,214506,1,3,3,214901,2,3,3,229868,0,2,2,,,,,,,,,,,,
184093,11,21,24,224510,11,21,23,230473,10,15,21,234260,13,24,29,214762,12,19,21,229163,14,24,25,226750,9,13,15,222244,8,11,14,729958,10,13,15,215418,1,3,3,215814,3,5,5,230711,0,2,2,,,,,,,,,,,,
185007,12,23,25,225353,11,21,23,231316,10,15,21,235101,13,24,29,215673,12,19,21,230003,14,24,25,227592,9,13,15,223157,8,11,14,730800,10,13,15,216261,1,3,3,216656,3,5,5,231623,0,2,2,,,,,,,,,,,,
185920,12,24,25,226197,11,21,23,232230,11,17,20,236012,13,24,29,216513,12,19,21,230843,14,23,24,228434,9,13,15,223998,8,11,14,731642,10,13,15,217105,1,3,3,217499,3,5,5,232466,0,2,2,,,,,,,,,,,,
186835,12,23,24,227111,11,21,25,233073,11,17,20,236853,13,24,29,217354,12,19,21,231754,13,24,24,229346,9,13,15,224840,8,11,14,732554,10,13,16,218017,1,3,3,218412,1,3,3,233309,0,2,2,,,,,,,,,,,,
187749,12,24,24,227955,11,21,25,233917,11,17,20,237693,13,24,29,218265,12,17,22,232595,13,24,24,230188,9,13,15,225753,9,11,14,733396,10,13,16,218860,1,3,3,219254,1,3,3,234221,0,2,2,,,,,,,,,,,,
188662,13,23,23,228798,11,21,25,234829,11,16,20,238605,13,24,31,219105,12,17,22,233435,13,24,24,231029,9,13,15,226594,9,11,14,734238,10,13,16,219704,1,3,3,220097,1,3,3,235064,0,2,2,,,,,,,,,,,,
189576,11,22,23,229711,11,21,23,235673,11,16,20,239446,13,24,31,219945,12,17,22,234346,13,23,24,231942,9,13,14,227436,9,11,14,735151,9,13,16,220616,1,3,3,221009,1,3,3,235907,0,2,2,,,,,,,,,,,,
190490,13,23,24,230554,11,21,23,236516,11,16,20,240286,13,24,31,220857,12,19,22,235187,13,23,24,232784,9,13,14,228349,9,11,13,735992,9,13,16,221459,1,3,3,221852,2,4,4,236819,0,2,2,,,,,,,,,,,,
191404,13,24,24,231397,11,21,23,237429,11,17,20,241198,13,23,28,221697,12,19,22,236027,13,23,24,233626,9,13,14,229190,9,11,13,736834,9,13,16,222302,1,3,3,222695,2,4,4,237662,0,2,2,,,,,,,,,,,,
192317,13,26,26,232311,13,22,26,238272,11,17,20,242038,13,23,28,222537,12,19,22,236938,13,26,27,234539,10,14,15,230033,9,11,13,737746,9,13,16,223214,1,3,3,223607,2,4,4,238504,0,2,2,,,,,,,,,,,,
193231,14,28,28,233155,13,22,26,239115,11,17,20,242879,13,23,28,223448,12,17,21,237778,13,26,27,235380,10,14,15,230945,9,11,13,738589,9,13,16,224057,1,3,3,224449,2,4,4,239418,0,2,3,,,,,,,,,,,,
194145,13,26,27,233998,13,22,26,240029,13,20,23,243790,14,24,30,224288,12,17,21,238619,13,26,27,236222,10,14,15,231787,9,11,13,739431,9,13,16,224901,1,3,3,225292,2,4,4,240261,0,2,3,,,,,,,,,,,,
195058,13,26,27,234911,13,24,27,240872,13,20,23,244631,14,24,30,225129,12,17,21,239529,13,25,26,237134,10,14,15,232629,9,11,13,740343,9,13,15,225813,1,3,3,226204,2,4,4,241103,0,2,3,,,,,,,,,,,,
195901,13,26,27,235755,13,23,27,241715,13,20,23,245472,14,24,30,226039,13,19,22,240441,13,25,29,237976,10,14,15,233541,9,12,14,741185,9,13,15,226656,1,3,3,227047,2,4,4,242016,0,3,3,,,,,,,,,,,,
196745,13,26,27,236598,13,23,27,242628,13,21,22,246383,14,24,29,226880,13,19,22,241351,13,26,28,238818,10,14,15,234384,9,12,14,742027,9,13,15,227500,1,3,3,227890,2,4,4,242859,0,3,3,,,,,,,,,,,,
197658,12,25,26,237512,14,25,28,243542,13,22,23,247224,14,24,29,227720,13,19,22,242263,13,25,28,239730,10,14,15,235226,9,12,14,742939,10,14,16,228412,1,3,3,228802,2,4,4,243701,0,3,3,,,,,,,,,,,,
198501,12,25,26,238426,14,25,29,244456,14,24,27,248065,14,24,29,228630,12,19,21,243173,13,26,30,240572,10,14,15,236138,9,12,13,743781,10,14,16,229255,1,3,3,229645,2,4,4,244614,0,3,4,,,,,,,,,,,,
199343,12,25,26,239340,15,27,31,245369,13,24,25,248976,16,26,31,229471,12,19,21,244084,14,26,30,241415,10,14,15,236980,9,12,13,744623,10,14,16,230097,1,3,3,230488,2,4,4,245456,1,4,5,,,,,,,,,,,,
200257,12,25,26,240253,15,28,31,246283,14,24,27,249817,16,26,31,230311,12,19,21,244996,14,26,31,242326,10,14,15,237821,9,12,13,745535,10,13,15,231010,1,3,3,231400,2,4,4,246299,1,4,5,,,,,,,,,,,,
201100,12,25,26,241168,15,28,32,247196,14,25,29,250657,16,26,31,231222,12,17,21,245906,14,26,32,243169,10,14,15,238734,9,12,14,746377,10,13,15,231854,2,4,4,232243,2,4,4,247212,1,4,5,,,,,,,,,,,,
201943,12,25,26,242081,15,28,30,248110,13,24,28,251569,16,24,28,232062,12,17,21,246817,14,26,32,244011,10,14,15,239576,9,12,14,747218,10,13,15,232696,2,4,4,233086,2,4,4,248054,1,4,5,,,,,,,,,,,,
202857,14,25,26,242995,14,27,30,249024,13,25,29,252409,16,24,28,232903,12,17,21,247728,14,24,30,244923,10,14,16,240417,9,12,14,748131,10,13,15,233609,2,3,3,233999,3,5,5,248897,1,4,5,,,,,,,,,,,,
203700,14,25,26,243909,14,27,31,249937,12,24,28,253250,16,24,28,233815,12,19,21,248639,15,26,32,245765,10,14,16,241330,9,13,15,748973,10,13,15,234451,2,3,3,234842,3,5,5,249809,1,4,5,,,,,,,,,,,,
204542,14,25,26,244824,15,28,31,250851,11,23,27,254161,17,25,29,234654,12,19,21,249550,15,27,30,246606,10,14,16,242171,9,13,15,749814,10,13,15,235294,2,3,3,235685,3,5,5,250652,1,4,5,,,,,,,,,,,,
205456,12,24,25,245737,14,25,28,251764,11,23,27,255073,18,25,29,235495,12,19,21,250461,15,27,32,247519,10,14,15,243013,9,13,15,750727,9,14,16,236207,2,3,3,236598,3,4,4,251496,1,4,5,,,,,,,,,,,,
206300,12,24,25,246650,14,27,31,252678,10,23,29,255984,18,27,32,236406,12,19,21,251301,15,27,32,248360,10,14,15,243926,9,12,14,751568,9,14,16,237050,2,3,3,237441,3,4,4,252408,1,4,5,,,,,,,,,,,,
207142,12,24,25,247565,13,28,32,253591,9,21,27,256894,18,27,29,237246,12,19,21,252142,15,27,32,249203,10,14,15,244767,9,12,14,752410,9,14,16,237893,2,3,3,238284,3,4,4,253251,1,4,5,,,,,,,,,,,,
208056,12,22,23,248478,13,27,30,254434,9,21,27,257806,18,27,31,238087,12,19,21,253053,15,25,32,250115,10,14,17,245610,9,12,14,753323,9,13,16,238806,2,3,3,239197,2,4,4,254094,1,4,5,,,,,,,,,,,,
208900,12,22,23,249322,13,27,30,255277,9,21,27,258717,17,29,33,238997,13,20,22,253894,15,25,32,250956,10,14,17,246521,8,12,14,754164,9,13,16,239649,2,3,3,240039,2,4,4,255006,1,4,5,,,,,,,,,,,,
209742,12,22,23,250165,13,27,30,256190,9,22,28,259629,17,29,33,239838,13,20,22,254735,15,24,32,251799,10,14,17,247364,8,12,14,755006,9,13,16,240492,2,3,3,240882,2,4,4,255849,1,4,5,,,,,,,,,,,,
210656,14,22,23,251080,13,27,29,257034,9,22,28,260539,17,29,32,240678,13,20,22,255645,15,24,30,252710,9,14,17,248206,8,12,14,755919,8,13,16,241404,2,3,3,241795,3,4,4,256692,1,4,5,,,,,,,,,,,,
211501,14,22,23,251922,13,27,29,257876,9,22,28,261450,16,30,31,241590,13,20,21,256486,15,24,30,253552,9,14,17,249118,9,13,15,756760,8,13,16,242247,2,3,3,242637,3,4,4,257604,1,4,5,,,,,,,,,,,,
212342,14,22,23,252767,13,27,29,258791,10,22,26,262362,16,31,33,242429,13,20,21,257327,15,24,30,254394,9,14,17,249960,9,13,15,757603,8,13,16,243090,2,3,3,243480,3,4,4,258447,1,4,5,,,,,,,,,,,,
213256,14,20,21,253679,13,27,31,259633,10,22,26,263272,15,30,32,243270,13,20,21,258237,15,24,30,255306,10,13,17,250802,9,13,15,758514,8,13,15,244003,2,2,2,244392,3,4,4,259290,1,4,5,,,,,,,,,,,,
214140,14,20,21,254523,13,27,31,260475,10,22,26,264183,16,29,32,244182,13,19,21,259078,15,24,30,256148,10,13,17,251714,9,12,13,759357,8,13,15,244846,2,2,2,245235,3,4,4,260202,1,4,4,,,,,,,,,,,,
215025,14,20,21,255366,13,27,31,261389,10,22,25,265095,14,28,29,245021,13,19,21,259918,15,24,30,256991,10,13,17,252556,9,12,13,760199,8,13,15,245689,2,2,2,246079,2,3,3,261045,1,4,4,,,,,,,,,,,,
215939,14,20,23,256279,12,28,32,262233,10,22,25,265935,14,28,29,245862,13,19,21,260829,14,24,29,257902,9,13,16,253398,9,12,13,761111,9,14,16,246601,2,3,3,246991,2,3,3,261888,1,4,4,,,,,,,,,,,,
216781,14,20,23,257123,12,28,32,263075,10,22,25,266776,14,28,29,246773,13,18,20,261669,14,24,29,258745,9,13,16,254310,9,12,13,761953,9,14,16,247445,2,3,3,247835,2,3,3,262800,1,4,4,,,,,,,,,,,,
217716,14,20,23,257966,12,28,32,263989,10,22,25,267687,16,29,30,247613,13,18,20,262510,14,24,29,259587,9,13,16,255152,9,12,13,762795,9,14,16,248288,2,3,3,248677,3,4,4,263643,1,4,4,,,,,,,,,,,,
218630,13,20,22,,,,,264832,10,22,25,268528,16,29,30,248454,13,18,20,263421,14,24,28,260499,8,12,15,255993,9,12,13,763707,9,14,16,249200,2,3,3,249589,3,4,4,264485,1,4,4,,,,,,,,,,,,
219514,13,20,22,,,,,265674,10,22,25,269369,16,29,30,249364,13,18,20,264262,14,24,28,261341,8,12,15,256906,9,12,13,764549,9,14,16,250044,2,3,3,250432,3,4,4,265398,1,2,2,,,,,,,,,,,,
220399,13,20,22,,,,,266588,10,21,24,270280,17,29,33,250205,13,18,20,265102,14,24,28,262183,8,12,15,257747,9,12,13,765390,9,14,16,250887,2,3,3,251275,3,4,4,266241,1,2,2,,,,,,,,,,,,
221313,14,20,22,,,,,267431,10,21,24,271121,17,29,33,251045,13,18,20,266013,14,24,28,263096,8,11,15,258590,9,12,13,766303,9,14,16,251799,2,3,3,252187,3,5,5,267083,1,2,2,,,,,,,,,,,,
222197,14,20,22,,,,,268274,10,21,24,271962,17,29,33,251956,12,18,20,266854,14,24,28,263938,8,11,15,259501,9,11,12,767144,9,14,16,252642,2,3,3,253031,3,5,5,267996,1,3,3,,,,,,,,,,,,
223082,14,20,22,,,,,269188,10,22,26,272873,17,28,32,252796,12,18,20,267695,14,24,28,264779,8,11,15,260343,9,11,12,767987,9,14,16,253486,2,3,3,253873,3,5,5,268838,1,3,3,,,,,,,,,,,,
224036,13,19,22,,,,,270030,10,22,26,273714,17,28,32,253636,12,18,20,268605,14,24,29,265692,8,11,15,261185,9,11,12,768899,8,13,15,254398,1,1,1,254785,2,4,4,269681,1,3,3,,,,,,,,,,,,
224921,13,19,22,,,,,270873,10,22,26,274554,17,28,32,254547,13,20,21,269446,14,24,29,266533,8,11,15,262097,9,11,13,769741,8,13,15,255241,1,1,1,255629,2,4,4,270594,1,2,2,,,,,,,,,,,,
225806,13,19,22,,,,,271787,10,21,25,275465,17,28,30,255388,13,20,21,270286,14,24,29,267375,8,11,15,262939,9,11,13,770583,8,13,15,256083,1,1,1,256471,2,4,4,271437,1,2,2,,,,,,,,,,,,
226761,13,19,22,,,,,272700,10,22,26,276305,17,28,30,256229,13,20,21,271197,14,23,27,268288,8,11,14,263781,9,11,13,771495,9,14,15,256996,1,1,1,257384,2,4,4,272280,1,2,2,,,,,,,,,,,,
227604,13,19,22,,,,,273613,11,23,25,277146,17,28,30,257139,14,22,23,272037,14,23,27,269129,8,11,14,264693,9,11,12,772337,9,14,15,257840,1,1,1,258227,2,4,4,273192,1,2,2,,,,,,,,,,,,
228447,13,19,22,,,,,274527,11,22,23,278057,17,27,30,257980,14,22,23,272878,14,23,27,269971,8,11,14,265535,9,11,12,773179,9,14,15,258682,1,1,1,259069,2,4,4,274035,1,2,2,,,,,,,,,,,,
229410,13,19,22,,,,,275441,11,23,24,278898,17,27,30,258820,14,22,23,273789,13,23,27,270883,8,11,13,266377,9,11,12,774091,9,13,16,259595,1,1,1,259982,2,3,3,274878,1,2,2,,,,,,,,,,,,
230254,14,19,22,,,,,276355,11,23,24,279739,17,27,30,259731,13,21,22,274629,13,23,27,271725,8,11,13,267289,9,11,12,774933,9,13,16,260439,1,1,1,260825,2,3,3,275790,1,2,2,,,,,,,,,,,,
231097,14,19,22,,,,,277268,11,23,24,280650,17,27,30,260571,13,21,22,275470,13,23,27,272567,8,11,13,268131,9,11,12,775775,9,13,16,261281,1,1,1,261667,2,3,3,276633,1,2,2,,,,,,,,,,,,
232010,14,20,23,,,,,278181,11,22,23,281491,17,27,30,261411,13,21,22,276381,13,22,24,273479,8,11,13,268973,9,11,12,776687,9,13,15,262194,1,1,1,262580,2,3,4,277477,1,2,2,,,,,,,,,,,,
232894,13,20,23,,,,,279095,11,22,25,282332,17,27,30,262323,13,21,23,277222,13,22,24,274321,8,11,13,269885,9,11,12,777530,9,13,15,263036,1,1,1,263422,2,3,4,278389,1,2,2,,,,,,,,,,,,
233779,13,20,23,,,,,280008,11,22,23,283243,17,25,29,263162,13,21,23,278062,13,22,24,275163,8,11,13,270727,9,11,12,778372,9,13,15,263880,1,1,1,264265,2,3,4,279232,1,2,2,,,,,,,,,,,,
234693,13,21,24,,,,,280922,12,22,24,284084,17,25,29,264003,13,21,23,278973,11,23,23,276077,8,11,12,271568,9,11,12,779285,9,13,14,264793,1,1,1,265179,2,3,4,280074,1,2,2,,,,,,,,,,,,
235536,13,21,24,,,,,281835,12,21,22,284924,17,25,29,264913,13,21,22,279814,11,23,23,276917,8,11,12,272481,10,12,13,780126,9,13,14,265634,1,1,1,266020,2,3,4,280986,1,2,2,,,,,,,,,,,,
236380,13,21,24,,,,,282748,12,21,23,285836,17,25,29,265754,13,21,22,280653,11,23,23,277760,8,11,12,273323,10,12,13,780967,9,13,14,266478,1,1,1,266864,1,2,3,281829,1,2,2,,,,,,,,,,,,
237292,12,20,23,,,,,283593,12,21,23,286676,17,25,29,266595,13,21,22,281565,13,22,22,278672,9,11,13,274164,10,12,13,781880,10,12,14,267390,1,1,1,267777,1,2,4,282672,1,2,2,,,,,,,,,,,,
238135,12,20,23,,,,,284435,12,21,23,287517,17,25,29,267505,13,21,22,282405,13,22,22,279514,9,11,13,275077,10,12,14,782723,10,12,14,268234,1,1,1,268619,1,2,4,283584,2,2,2,,,,,,,,,,,,
238979,12,20,23,,,,,285348,11,19,23,288429,16,25,29,268346,13,21,22,283246,13,22,22,280355,9,11,13,275919,10,12,14,783564,10,12,14,269076,1,1,1,269462,2,3,5,284427,2,2,2,,,,,,,,,,,,
239892,12,21,24,,,,,286191,11,19,23,289269,16,25,29,269187,13,21,22,284156,13,22,22,281268,9,11,12,276760,10,12,14,784477,10,12,14,269988,1,1,1,270374,2,3,4,285270,2,2,2,,,,,,,,,,,,
240735,12,21,24,,,,,287034,11,19,23,290109,16,25,29,270097,14,23,23,284997,13,22,22,282109,9,11,12,277672,9,11,14,785318,10,12,14,270832,1,1,1,271217,2,3,4,286182,2,2,2,,,,,,,,,,,,
241579,12,21,24,,,,,287947,11,19,23,291020,16,24,28,270938,14,23,23,285838,13,22,22,282952,9,11,12,278514,9,11,14,786160,10,12,14,271675,1,1,1,272061,2,3,4,287026,2,2,2,,,,,,,,,,,,
242492,12,20,21,,,,,288791,11,19,23,291861,16,24,28,271778,14,23,23,286748,13,22,22,283864,9,12,13,279356,9,11,14,787073,9,12,13,272587,1,2,2,272972,0,2,3,287868,2,2,2,,,,,,,,,,,,
243335,12,20,21,,,,,289634,11,19,23,292702,16,24,28,272689,14,23,26,287589,13,22,22,284706,9,12,13,280268,10,12,14,787915,9,12,13,273431,1,2,2,273815,0,2,3,288781,1,2,2,,,,,,,,,,,,
244178,12,20,21,,,,,290547,11,18,22,293613,14,24,29,273529,14,23,26,288430,13,22,22,285548,9,12,13,281110,10,12,14,788757,9,12,13,274274,1,2,2,274658,0,2,3,289624,1,2,2,,,,,,,,,,,,
245092,12,20,20,,,,,291390,11,18,22,294454,14,24,29,274370,14,23,26,289341,13,23,23,286460,10,13,13,281953,10,12,14,789669,9,12,13,275186,1,2,2,275571,1,3,4,290465,1,2,2,,,,,,,,,,,,
245935,12,20,20,,,,,292233,11,18,22,295294,14,24,29,275280,13,23,25,290182,13,23,23,287302,10,13,13,282865,9,12,14,790511,9,12,13,276029,1,2,2,276414,1,3,4,291379,1,2,2,,,,,,,,,,,,
246777,12,20,20,,,,,293146,11,18,21,296206,14,24,25,276121,13,23,25,291021,13,23,23,288144,10,13,13,283707,9,12,14,791353,9,12,13,276872,1,2,2,277257,1,3,4,292220,1,2,2,,,,,,,,,,,,
247691,12,19,20,,,,,293989,11,18,21,297047,14,24,26,276962,13,23,25,291933,13,22,22,289056,9,13,14,284549,9,12,14,792265,9,12,13,277784,1,2,2,278169,1,3,4,293064,1,2,2,,,,,,,,,,,,
248535,12,19,20,,,,,294832,11,18,21,297887,14,24,26,277872,14,23,26,292773,13,22,22,289898,9,13,14,285461,10,12,14,793107,9,12,13,278628,1,2,2,279012,1,3,4,293977,1,3,3,,,,,,,,,,,,
249377,12,19,20,,,,,295745,10,17,22,298799,16,27,31,278713,14,23,26,293614,12,22,22,290740,9,13,14,286303,10,12,14,793949,9,12,13,279471,1,2,2,279855,1,3,4,294819,1,3,3,,,,,,,,,,,,
250291,12,19,19,,,,,296588,10,17,22,299710,16,28,30,279554,14,23,26,294524,11,21,21,291652,9,14,14,287144,10,12,14,794861,9,12,14,280383,2,2,2,280767,1,3,5,295663,1,3,3,,,,,,,,,,,,
251133,12,19,19,,,,,297432,10,17,22,300620,16,28,30,280464,13,22,26,295365,11,21,21,292495,9,14,14,288057,9,12,13,795703,9,12,14,281226,2,2,2,281610,2,4,6,296576,1,3,3,,,,,,,,,,,,
251977,12,19,19,,,,,298345,10,17,21,301532,16,27,30,281305,13,22,26,296205,11,21,21,293337,9,14,14,288899,9,12,13,796545,9,12,14,282070,2,2,2,282452,2,4,6,297417,1,3,3,,,,,,,,,,,,
252891,11,18,18,,,,,299188,10,17,21,302443,16,28,30,282145,13,22,26,297116,11,20,21,294248,9,14,15,289741,9,12,13,797457,9,13,14,282982,2,2,2,283365,2,4,6,298260,1,3,3,,,,,,,,,,,,
253733,11,18,18,,,,,,,,,303354,16,31,33,283056,13,22,25,297957,11,20,21,295091,9,14,15,290653,10,13,14,798300,9,13,14,283825,2,2,2,284208,2,4,6,299172,1,3,3,,,,,,,,,,,,
254576,11,18,18,,,,,,,,,304265,16,31,32,283896,13,22,25,298797,11,20,21,295932,9,14,15,291494,9,12,13,799141,9,13,14,284667,2,2,2,285050,2,4,6,300016,1,3,3,,,,,,,,,,,,
255491,11,18,18,,,,,,,,,305176,16,32,33,284737,13,22,25,299708,11,18,21,296845,10,15,20,292336,9,12,13,800054,10,13,15,285580,2,3,3,285964,2,4,6,300859,1,3,3,,,,,,,,,,,,
256333,11,18,18,,,,,,,,,306087,17,31,33,285647,13,22,27,300548,11,18,21,297687,10,15,20,293249,8,11,12,800896,10,13,15,286423,2,3,3,286807,2,4,6,301771,1,3,3,,,,,,,,,,,,
257176,11,18,18,,,,,,,,,306999,17,32,36,286488,13,22,27,301388,11,18,21,298528,10,15,20,294090,9,12,13,801737,10,13,15,287265,2,3,3,287649,2,4,6,302614,0,2,2,,,,,,,,,,,,
258089,10,18,18,,,,,,,,,307909,14,28,29,287329,13,22,27,302300,11,18,20,299441,9,14,20,294933,9,12,13,802650,10,14,15,288178,1,2,2,288562,2,6,7,303457,0,2,2,,,,,,,,,,,,
258933,10,18,18,,,,,,,,,308820,16,31,32,288239,13,22,27,303140,11,18,20,300283,9,14,20,295844,9,11,13,803491,10,14,15,289021,1,2,2,289404,2,6,7,304369,0,2,2,,,,,,,,,,,,
259777,10,18,18,,,,,,,,,309732,16,31,33,289080,13,22,27,303980,11,18,20,301125,9,14,20,296686,9,11,13,804333,10,14,15,289864,1,2,2,290246,2,6,7,305212,1,3,3,,,,,,,,,,,,
260689,11,19,19,,,,,,,,,310573,16,31,33,289921,13,22,27,304891,12,18,22,302035,9,14,19,297529,9,11,13,805244,10,14,15,290777,1,2,2,291159,3,6,7,306055,1,3,3,,,,,,,,,,,,
261604,11,20,20,,,,,,,,,311413,16,31,33,290831,13,22,28,305732,13,18,22,302878,9,14,19,298440,9,11,12,806087,10,14,15,291619,2,3,3,292002,3,6,7,306967,1,3,3,,,,,,,,,,,,
262517,11,19,19,,,,,,,,,312325,15,33,34,291672,13,22,28,306573,13,18,22,303720,9,14,19,299282,9,11,12,806929,10,14,15,292463,2,3,3,292845,3,6,7,307810,1,3,3,,,,,,,,,,,,
263431,10,18,19,,,,,,,,,313165,15,33,34,292511,13,22,28,307483,11,20,23,304632,8,13,18,300126,9,11,12,807841,10,14,15,293376,2,3,3,293757,2,5,5,308653,0,2,2,,,,,,,,,,,,
264344,10,19,20,,,,,,,,,314007,15,33,34,293423,13,22,30,308324,11,20,23,305474,8,13,18,301036,9,12,12,808683,10,14,15,294218,2,3,3,294600,2,5,5,309565,0,1,1,,,,,,,,,,,,
265257,10,19,20,,,,,,,,,314917,16,32,34,294263,13,22,30,309165,11,20,23,306316,8,13,18,301878,9,12,12,809525,10,14,15,295061,2,3,3,295443,2,5,5,310409,0,1,1,,,,,,,,,,,,
266172,10,20,21,,,,,,,,,315829,16,30,33,295104,13,22,30,310075,11,18,23,307228,8,13,20,302721,8,11,11,810437,10,14,16,295973,2,3,3,296356,3,6,7,311251,1,2,2,,,,,,,,,,,,
267085,11,21,22,,,,,,,,,316740,16,32,34,296014,13,22,30,310916,12,19,24,308070,8,13,20,303632,8,11,11,811279,10,14,16,296816,2,3,3,297199,3,6,7,312164,1,2,2,,,,,,,,,,,,
267999,10,21,22,,,,,,,,,317651,16,32,34,296855,13,22,30,311756,12,19,24,308912,8,13,20,304474,8,11,11,812122,10,14,16,297659,2,3,3,298042,3,6,7,313007,1,2,2,,,,,,,,,,,,
268912,11,21,22,,,,,,,,,318563,16,32,35,297696,13,22,30,312667,12,19,24,309824,8,13,19,305316,8,11,11,813033,9,13,16,298571,2,3,3,298954,3,6,7,313849,1,2,2,,,,,,,,,,,,
269826,11,21,22,,,,,,,,,319473,16,32,34,298606,12,21,28,313507,12,19,24,310666,8,13,19,306228,9,12,12,813875,9,13,16,299415,2,3,3,299798,2,5,6,314762,0,1,1,,,,,,,,,,,,
270740,11,21,22,,,,,,,,,320385,16,34,37,299447,12,21,28,314348,12,19,24,311507,8,13,19,307069,9,12,12,814717,9,13,16,300258,2,3,3,300641,2,5,6,315604,0,1,1,,,,,,,,,,,,
271653,11,21,22,,,,,,,,,321296,16,33,35,300288,12,21,28,315258,12,18,25,312420,8,13,20,307911,9,12,12,815629,9,12,15,301170,2,3,3,301553,1,4,4,316447,0,1,1,,,,,,,,,,,,
272496,11,21,22,,,,,,,,,322207,16,33,35,301198,12,22,30,316099,12,18,25,313263,8,13,20,308824,8,11,11,816472,9,12,15,302013,2,3,3,302396,1,4,4,317360,0,2,2,,,,,,,,,,,,
273339,11,21,22,,,,,,,,,323119,14,32,34,302039,12,22,30,316940,12,18,25,314104,8,13,20,309665,8,11,11,817313,9,12,15,302856,2,3,3,303239,1,4,4,318202,0,2,2,,,,,,,,,,,,
274252,11,21,21,,,,,,,,,324029,14,32,34,302878,12,22,30,317850,12,19,25,315017,8,13,21,310507,8,11,11,818225,9,13,15,303768,2,3,3,304151,1,3,4,319045,0,2,2,,,,,,,,,,,,
275096,11,21,21,,,,,,,,,324940,14,30,34,303790,12,24,29,318691,12,19,25,315858,8,13,21,311419,7,11,11,819067,9,13,15,304611,2,3,3,304994,1,3,4,319959,0,1,1,,,,,,,,,,,,
275939,11,21,21,,,,,,,,,325852,14,30,33,304629,12,24,29,319532,12,19,25,316700,8,13,21,312261,7,11,11,819909,9,13,15,305454,2,3,3,305837,1,3,4,320802,0,1,1,,,,,,,,,,,,
276852,12,21,21,,,,,,,,,326692,14,30,33,305470,12,24,29,320442,11,18,27,317613,8,13,20,313103,7,11,11,820822,8,13,15,306366,2,3,3,306750,1,3,4,321644,0,1,1,,,,,,,,,,,,
277696,12,21,21,,,,,,,,,327533,14,30,33,306381,12,24,30,321283,11,18,27,318454,8,13,20,314015,7,10,10,821663,8,13,15,307209,2,3,3,307593,1,3,4,322556,0,1,1,,,,,,,,,,,,
278539,12,21,21,,,,,,,,,328444,14,29,34,307221,12,24,30,322123,11,18,27,319296,8,13,20,314857,7,10,10,822505,8,13,15,308052,2,3,3,308435,1,3,4,323399,0,1,1,,,,,,,,,,,,
279452,12,21,21,,,,,,,,,329285,14,29,34,308062,12,24,30,323035,11,22,31,320208,8,13,20,315700,7,10,10,823417,8,12,15,308965,2,4,4,309348,1,3,4,324242,0,1,1,,,,,,,,,,,,
280296,12,21,21,,,,,,,,,330126,14,29,34,308972,12,24,29,323945,13,22,29,321050,8,14,21,316611,8,10,10,824259,8,12,15,309808,2,4,4,310191,1,3,4,325154,0,1,1,,,,,,,,,,,,
281139,12,21,21,,,,,,,,,331036,14,29,33,309813,12,24,29,324856,11,22,29,321892,8,14,21,317454,8,10,10,825101,8,12,15,310650,2,4,4,311033,1,3,4,325997,0,1,1,,,,,,,,,,,,
282052,11,19,19,,,,,,,,,331877,14,29,33,310653,12,24,29,325767,11,23,28,322804,8,12,17,318296,8,10,10,826013,8,11,13,311563,2,3,3,311946,1,3,3,326840,0,1,1,,,,,,,,,,,,
282895,11,19,19,,,,,,,,,332718,15,30,34,311564,11,23,28,326678,12,25,30,323647,8,12,16,319207,8,11,11,826855,8,11,13,,,,,312788,1,3,3,327752,0,1,1,,,,,,,,,,,,
283738,11,19,19,,,,,,,,,333629,15,29,33,312404,11,23,28,327588,12,25,30,324488,8,12,16,320049,8,11,11,827698,8,11,13,,,,,313632,1,3,3,328595,0,1,1,,,,,,,,,,,,
284694,11,19,20,,,,,,,,,334470,15,29,33,313245,11,23,28,328500,12,27,31,325400,8,13,16,320891,8,11,11,828608,8,11,12,,,,,314545,1,2,2,329438,1,2,2,,,,,,,,,,,,
285536,11,19,20,,,,,,,,,335310,15,29,32,314156,12,23,28,329410,12,27,28,326242,8,13,16,321803,8,11,12,829451,8,11,12,,,,,315387,1,2,2,330350,1,2,2,,,,,,,,,,,,
286420,11,19,20,,,,,,,,,336222,15,27,30,314996,12,23,28,330321,12,28,32,327085,8,13,16,322644,8,11,12,830292,8,11,12,,,,,316230,1,2,2,331193,1,2,2,,,,,,,,,,,,
287376,12,19,20,,,,,,,,,337062,15,27,30,315837,12,23,28,331232,12,30,31,327996,8,13,16,323487,8,11,12,831205,7,11,12,,,,,317143,1,2,2,332036,1,2,2,,,,,,,,,,,,
288261,12,19,20,,,,,,,,,337903,15,27,30,316747,11,23,28,332143,12,27,28,328838,8,13,16,324400,8,11,13,832047,7,11,12,,,,,317985,1,2,2,332948,1,2,2,,,,,,,,,,,,
289145,12,19,20,,,,,,,,,338814,15,28,31,317588,11,23,27,333053,12,27,30,329680,8,13,16,325241,8,11,13,832889,7,11,12,,,,,318828,1,2,2,333791,1,2,2,,,,,,,,,,,,
290101,12,19,20,,,,,,,,,339655,15,28,31,318428,11,23,27,333965,12,28,32,330592,8,13,16,326083,8,11,13,833801,8,11,13,,,,,319740,1,2,2,334633,1,2,2,,,,,,,,,,,,
290985,12,19,20,,,,,,,,,340496,15,28,31,319339,11,22,26,334806,12,27,31,331435,8,13,16,326994,7,10,12,834642,8,11,13,,,,,320583,1,2,2,,,,,,,,,,,,,,,,
291870,12,19,20,,,,,,,,,341407,15,26,30,320180,11,22,26,335646,12,27,31,332276,8,13,16,327836,7,10,12,835484,8,11,13,,,,,321426,1,2,2,,,,,,,,,,,,,,,,
292826,12,19,20,,,,,,,,,342248,15,26,30,321019,11,22,26,336557,12,29,33,333189,8,13,15,328679,7,10,12,836397,8,11,13,,,,,322338,1,2,2,,,,,,,,,,,,,,,,
293710,12,19,20,,,,,,,,,343089,15,26,30,321931,11,22,26,337468,12,29,33,334030,8,13,15,329591,8,11,12,837238,8,11,13,,,,,323181,0,1,1,,,,,,,,,,,,,,,,
294595,12,19,20,,,,,,,,,344000,15,28,31,322771,11,22,27,338378,13,29,37,334873,8,13,15,330433,8,11,12,838081,8,11,13,,,,,324024,0,1,1,,,,,,,,,,,,,,,,
295550,12,18,19,,,,,,,,,344841,16,29,33,323611,11,22,27,339290,13,27,34,335784,8,13,15,331275,8,11,12,838993,9,12,13,,,,,324936,0,1,2,,,,,,,,,,,,,,,,
296435,12,17,18,,,,,,,,,345681,16,29,33,324523,10,21,25,340201,13,27,35,336627,8,13,15,332187,8,11,12,839835,9,12,13,,,,,325780,0,1,2,,,,,,,,,,,,,,,,
297320,12,17,18,,,,,,,,,346593,17,29,36,325363,10,21,25,341111,13,28,34,337469,8,13,15,333029,9,12,13,840677,9,12,13,,,,,326623,1,2,3,,,,,,,,,,,,,,,,
298274,12,18,22,,,,,,,,,347433,17,28,35,,,,,342023,13,26,35,338381,8,14,14,333871,9,12,13,841589,9,12,14,,,,,327535,2,3,4,,,,,,,,,,,,,,,,
299159,12,19,22,,,,,,,,,348274,17,28,35,,,,,342933,13,28,37,339223,8,14,14,334783,9,12,13,842431,9,12,14,,,,,328378,2,3,4,,,,,,,,,,,,,,,,
300044,12,19,22,,,,,,,,,349186,17,28,35,,,,,343844,14,28,38,340065,8,14,14,335625,8,11,12,843274,9,12,14,,,,,329221,2,3,4,,,,,,,,,,,,,,,,
300999,12,20,23,,,,,,,,,350026,17,28,35,,,,,344756,14,28,39,340977,8,13,14,336466,8,11,12,844186,9,12,14,,,,,330133,2,3,4,,,,,,,,,,,,,,,,
301842,12,20,23,,,,,,,,,350867,17,28,36,,,,,345666,14,28,37,341819,8,13,14,337379,9,12,13,845028,9,12,14,,,,,,,,,,,,,,,,,,,,,,,,
302727,12,20,23,,,,,,,,,351777,17,29,36,,,,,346577,14,27,37,342661,8,13,14,338221,9,12,13,845870,9,12,14,,,,,,,,,,,,,,,,,,,,,,,,
"302727,12,20,23",,,,,,,,,,,,352619,17,29,36,,,,,347488,14,29,35,343573,8,13,13,339062,9,12,13,846782,9,12,14,,,,,,,,,,,,,,,,,,,,,,,,
,,,,,,,,,,,,353459,17,29,36,,,,,,,,,344416,8,13,13,339975,9,12,13,847624,9,12,14,,,,,,,,,,,,,,,,,,,,,,,,
,,,,,,,,,,,,354370,17,28,34,,,,,,,,,345257,8,13,13,340816,9,12,13,848465,9,12,14,,,,,,,,,,,,,,,,,,,,,,,,
,,,,,,,,,,,,355211,17,28,34,,,,,,,,,346170,9,14,14,341658,9,12,13,849378,9,12,14,,,,,,,,,,,,,,,,,,,,,,,,
,,,,,,,,,,,,356051,17,28,34,,,,,,,,,347012,9,14,14,342571,8,11,13,850220,9,12,14,,,,,,,,,,,,,,,,,,,,,,,,
,,,,,,,,,,,,356963,17,27,34,,,,,,,,,347854,9,14,14,343412,8,11,13,851062,9,12,14,,,,,,,,,,,,,,,,,,,,,,,,
,,,,,,,,,,,,357804,17,27,34,,,,,,,,,348767,9,13,13,344254,8,11,13,851974,10,12,14,,,,,,,,,,,,,,,,,,,,,,,,
,,,,,,,,,,,,358644,17,27,34,,,,,,,,,349608,9,13,13,345166,9,12,12,852815,10,12,14,,,,,,,,,,,,,,,,,,,,,,,,
,,,,,,,,,,,,359556,17,29,34,,,,,,,,,350449,9,13,13,346009,9,12,12,853657,10,12,14,,,,,,,,,,,,,,,,,,,,,,,,
,,,,,,,,,,,,360396,17,29,34,,,,,,,,,351362,9,14,14,346851,9,12,12,854569,9,12,14,,,,,,,,,,,,,,,,,,,,,,,,
,,,,,,,,,,,,361237,17,29,34,,,,,,,,,352203,9,14,14,347764,9,12,13,855411,9,12,14,,,,,,,,,,,,,,,,,,,,,,,,
,,,,,,,,,,,,362148,18,30,33,,,,,,,,,353045,9,14,14,348606,9,12,13,856253,9,12,14,,,,,,,,,,,,,,,,,,,,,,,,
,,,,,,,,,,,,362989,18,30,33,,,,,,,,,353957,9,14,14,349447,9,12,13,857165,10,13,15,,,,,,,,,,,,,,,,,,,,,,,,
,,,,,,,,,,,,,,,,,,,,,,,,354799,9,14,14,350359,10,13,14,858008,10,13,15,,,,,,,,,,,,,,,,,,,,,,,,
,,,,,,,,,,,,,,,,,,,,,,,,355642,9,14,14,,,,,858850,10,13,15,,,,,,,,,,,,,,,,,,,,,,,,
,,,,,,,,,,,,,,,,,,,,,,,,356553,10,14,15,,,,,859762,10,14,15,,,,,,,,,,,,,,,,,,,,,,,,
,,,,,,,,,,,,,,,,,,,,,,,,357396,10,14,15,,,,,860604,10,14,15,,,,,,,,,,,,,,,,,,,,,,,,
,,,,,,,,,,,,,,,,,,,,,,,,358238,10,14,15,,,,,861446,10,14,15,,,,,,,,,,,,,,,,,,,,,,,,
,,,,,,,,,,,,,,,,,,,,,,,,359150,10,14,15,,,,,862358,10,13,15,,,,,,,,,,,,,,,,,,,,,,,,
,,,,,,,,,,,,,,,,,,,,,,,,359993,10,14,15,,,,,863200,10,13,15,,,,,,,,,,,,,,,,,,,,,,,,
,,,,,,,,,,,,,,,,,,,,,,,,360835,10,14,15,,,,,864041,10,13,15,,,,,,,,,,,,,,,,,,,,,,,,
,,,,,,,,,,,,,,,,,,,,,,,,361747,10,15,15,,,,,864954,9,14,17,,,,,,,,,,,,,,,,,,,,,,,,
,,,,,,,,,,,,,,,,,,,,,,,,362589,10,15,15,,,,,865797,9,14,17,,,,,,,,,,,,,,,,,,,,,,,,
,,,,,,,,,,,,,,,,,,,,,,,,363430,10,15,15,,,,,866638,9,14,17,,,,,,,,,,,,,,,,,,,,,,,,
,,,,,,,,,,,,,,,,,,,,,,,,364343,9,14,15,,,,,867551,10,14,16,,,,,,,,,,,,,,,,,,,,,,,,
,,,,,,,,,,,,,,,,,,,,,,,,365185,9,14,15,,,,,868392,10,14,16,,,,,,,,,,,,,,,,,,,,,,,,
,,,,,,,,,,,,,,,,,,,,,,,,366026,9,14,15,,,,,869234,10,14,16,,,,,,,,,,,,,,,,,,,,,,,,
,,,,,,,,,,,,,,,,,,,,,,,,366939,9,15,15,,,,,870147,10,15,18,,,,,,,,,,,,,,,,,,,,,,,,
,,,,,,,,,,,,,,,,,,,,,,,,367780,9,15,15,,,,,870988,10,15,18,,,,,,,,,,,,,,,,,,,,,,,,
,,,,,,,,,,,,,,,,,,,,,,,,368623,9,15,15,,,,,871830,10,15,18,,,,,,,,,,,,,,,,,,,,,,,,
,,,,,,,,,,,,,,,,,,,,,,,,369534,9,14,15,,,,,872742,10,15,18,,,,,,,,,,,,,,,,,,,,,,,,
,,,,,,,,,,,,,,,,,,,,,,,,370377,9,14,15,,,,,873584,10,15,18,,,,,,,,,,,,,,,,,,,,,,,,
,,,,,,,,,,,,,,,,,,,,,,,,371219,9,14,15,,,,,874426,10,15,18,,,,,,,,,,,,,,,,,,,,,,,,
,,,,,,,,,,,,,,,,,,,,,,,,372130,8,13,14,,,,,875338,10,14,17,,,,,,,,,,,,,,,,,,,,,,,,
,,,,,,,,,,,,,,,,,,,,,,,,372972,8,13,14,,,,,876180,10,14,17,,,,,,,,,,,,,,,,,,,,,,,,
,,,,,,,,,,,,,,,,,,,,,,,,373814,8,13,14,,,,,877022,10,14,17,,,,,,,,,,,,,,,,,,,,,,,,
,,,,,,,,,,,,,,,,,,,,,,,,374726,8,14,15,,,,,877934,10,14,17,,,,,,,,,,,,,,,,,,,,,,,,
,,,,,,,,,,,,,,,,,,,,,,,,375569,8,14,15,,,,,878776,10,14,17,,,,,,,,,,,,,,,,,,,,,,,,
,,,,,,,,,,,,,,,,,,,,,,,,376411,8,14,15,,,,,879618,10,14,17,,,,,,,,,,,,,,,,,,,,,,,,
,,,,,,,,,,,,,,,,,,,,,,,,377323,8,13,15,,,,,880530,9,14,17,,,,,,,,,,,,,,,,,,,,,,,,
,,,,,,,,,,,,,,,,,,,,,,,,378165,8,13,15,,,,,881372,9,14,17,,,,,,,,,,,,,,,,,,,,,,,,
,,,,,,,,,,,,,,,,,,,,,,,,379006,8,13,15,,,,,882213,9,14,17,,,,,,,,,,,,,,,,,,,,,,,,
,,,,,,,,,,,,,,,,,,,,,,,,379919,8,13,15,,,,,883126,9,13,16,,,,,,,,,,,,,,,,,,,,,,,,
,,,,,,,,,,,,,,,,,,,,,,,,380761,8,13,16,,,,,883968,9,13,16,,,,,,,,,,,,,,,,,,,,,,,,
,,,,,,,,,,,,,,,,,,,,,,,,381603,8,13,16,,,,,884809,9,13,16,,,,,,,,,,,,,,,,,,,,,,,,
,,,,,,,,,,,,,,,,,,,,,,,,382516,8,13,15,,,,,885722,9,12,15,,,,,,,,,,,,,,,,,,,,,,,,
,,,,,,,,,,,,,,,,,,,,,,,,383357,8,13,14,,,,,886563,9,12,15,,,,,,,,,,,,,,,,,,,,,,,,
,,,,,,,,,,,,,,,,,,,,,,,,384199,8,13,14,,,,,887405,9,12,15,,,,,,,,,,,,,,,,,,,,,,,,
,,,,,,,,,,,,,,,,,,,,,,,,385112,8,13,14,,,,,888317,9,12,15,,,,,,,,,,,,,,,,,,,,,,,,
,,,,,,,,,,,,,,,,,,,,,,,,385953,8,13,14,,,,,889159,9,12,15,,,,,,,,,,,,,,,,,,,,,,,,
,,,,,,,,,,,,,,,,,,,,,,,,386797,8,13,14,,,,,890001,9,12,15,,,,,,,,,,,,,,,,,,,,,,,,
,,,,,,,,,,,,,,,,,,,,,,,,387709,8,12,14,,,,,890913,9,12,13,,,,,,,,,,,,,,,,,,,,,,,,
,,,,,,,,,,,,,,,,,,,,,,,,388551,8,12,14,,,,,891755,9,12,13,,,,,,,,,,,,,,,,,,,,,,,,
,,,,,,,,,,,,,,,,,,,,,,,,389393,8,12,14,,,,,892598,9,12,13,,,,,,,,,,,,,,,,,,,,,,,,
,,,,,,,,,,,,,,,,,,,,,,,,390305,9,13,14,,,,,893511,10,13,14,,,,,,,,,,,,,,,,,,,,,,,,
,,,,,,,,,,,,,,,,,,,,,,,,391148,9,13,14,,,,,894353,10,13,14,,,,,,,,,,,,,,,,,,,,,,,,
,,,,,,,,,,,,,,,,,,,,,,,,391990,9,13,14,,,,,895195,10,13,14,,,,,,,,,,,,,,,,,,,,,,,,
,,,,,,,,,,,,,,,,,,,,,,,,392902,9,12,14,,,,,896106,10,13,13,,,,,,,,,,,,,,,,,,,,,,,,
,,,,,,,,,,,,,,,,,,,,,,,,393744,9,12,14,,,,,896948,10,13,13,,,,,,,,,,,,,,,,,,,,,,,,
,,,,,,,,,,,,,,,,,,,,,,,,394587,9,12,14,,,,,897790,10,13,13,,,,,,,,,,,,,,,,,,,,,,,,
,,,,,,,,,,,,,,,,,,,,,,,,395499,9,12,14,,,,,898703,9,12,14,,,,,,,,,,,,,,,,,,,,,,,,
,,,,,,,,,,,,,,,,,,,,,,,,396340,9,12,14,,,,,899546,9,12,14,,,,,,,,,,,,,,,,,,,,,,,,
,,,,,,,,,,,,,,,,,,,,,,,,397182,9,12,14,,,,,900386,9,12,14,,,,,,,,,,,,,,,,,,,,,,,,
,,,,,,,,,,,,,,,,,,,,,,,,398095,9,12,14,,,,,901299,10,13,14,,,,,,,,,,,,,,,,,,,,,,,,
,,,,,,,,,,,,,,,,,,,,,,,,398937,9,12,14,,,,,902140,10,13,14,,,,,,,,,,,,,,,,,,,,,,,,
,,,,,,,,,,,,,,,,,,,,,,,,399779,9,12,14,,,,,902982,10,13,14,,,,,,,,,,,,,,,,,,,,,,,,
,,,,,,,,,,,,,,,,,,,,,,,,400692,9,12,13,,,,,903896,10,14,15,,,,,,,,,,,,,,,,,,,,,,,,
,,,,,,,,,,,,,,,,,,,,,,,,401533,9,12,13,,,,,904737,10,14,15,,,,,,,,,,,,,,,,,,,,,,,,
,,,,,,,,,,,,,,,,,,,,,,,,402375,9,12,13,,,,,905579,10,14,15,,,,,,,,,,,,,,,,,,,,,,,,
,,,,,,,,,,,,,,,,,,,,,,,,403288,9,13,13,,,,,906491,11,14,16,,,,,,,,,,,,,,,,,,,,,,,,
,,,,,,,,,,,,,,,,,,,,,,,,404130,9,13,13,,,,,907333,11,14,16,,,,,,,,,,,,,,,,,,,,,,,,
,,,,,,,,,,,,,,,,,,,,,,,,404972,9,13,13,,,,,908175,11,14,16,,,,,,,,,,,,,,,,,,,,,,,,
,,,,,,,,,,,,,,,,,,,,,,,,405884,9,13,13,,,,,909087,10,14,15,,,,,,,,,,,,,,,,,,,,,,,,
,,,,,,,,,,,,,,,,,,,,,,,,406726,9,13,13,,,,,909929,10,14,15,,,,,,,,,,,,,,,,,,,,,,,,
,,,,,,,,,,,,,,,,,,,,,,,,407569,9,13,13,,,,,910772,10,14,15,,,,,,,,,,,,,,,,,,,,,,,,
,,,,,,,,,,,,,,,,,,,,,,,,408481,9,12,13,,,,,911683,10,14,15,,,,,,,,,,,,,,,,,,,,,,,,
,,,,,,,,,,,,,,,,,,,,,,,,409323,9,12,13,,,,,912525,10,14,15,,,,,,,,,,,,,,,,,,,,,,,,
,,,,,,,,,,,,,,,,,,,,,,,,410165,9,12,13,,,,,913367,10,14,15,,,,,,,,,,,,,,,,,,,,,,,,
,,,,,,,,,,,,,,,,,,,,,,,,411077,9,12,13,,,,,914280,11,15,16,,,,,,,,,,,,,,,,,,,,,,,,
,,,,,,,,,,,,,,,,,,,,,,,,411919,9,12,13,,,,,915122,11,15,16,,,,,,,,,,,,,,,,,,,,,,,,
,,,,,,,,,,,,,,,,,,,,,,,,412761,9,12,13,,,,,915963,11,15,16,,,,,,,,,,,,,,,,,,,,,,,,
,,,,,,,,,,,,,,,,,,,,,,,,413673,9,12,13,,,,,916877,12,16,17,,,,,,,,,,,,,,,,,,,,,,,,
,,,,,,,,,,,,,,,,,,,,,,,,414516,9,12,13,,,,,917719,12,16,17,,,,,,,,,,,,,,,,,,,,,,,,
,,,,,,,,,,,,,,,,,,,,,,,,415357,9,12,13,,,,,918560,12,16,17,,,,,,,,,,,,,,,,,,,,,,,,
,,,,,,,,,,,,,,,,,,,,,,,,416270,9,12,13,,,,,919474,12,15,18,,,,,,,,,,,,,,,,,,,,,,,,
,,,,,,,,,,,,,,,,,,,,,,,,417112,9,12,13,,,,,920315,12,15,18,,,,,,,,,,,,,,,,,,,,,,,,
,,,,,,,,,,,,,,,,,,,,,,,,417954,9,12,13,,,,,921157,12,15,18,,,,,,,,,,,,,,,,,,,,,,,,
,,,,,,,,,,,,,,,,,,,,,,,,,,,,,,,,922070,11,14,17,,,,,,,,,,,,,,,,,,,,,,,,
,,,,,,,,,,,,,,,,,,,,,,,,,,,,,,,,922911,11,14,17,,,,,,,,,,,,,,,,,,,,,,,,
,,,,,,,,,,,,,,,,,,,,,,,,,,,,,,,,923754,11,14,17,,,,,,,,,,,,,,,,,,,,,,,,
,,,,,,,,,,,,,,,,,,,,,,,,,,,,,,,,924665,11,14,16,,,,,,,,,,,,,,,,,,,,,,,,
,,,,,,,,,,,,,,,,,,,,,,,,,,,,,,,,925507,11,14,16,,,,,,,,,,,,,,,,,,,,,,,,
,,,,,,,,,,,,,,,,,,,,,,,,,,,,,,,,926349,11,14,16,,,,,,,,,,,,,,,,,,,,,,,,
,,,,,,,,,,,,,,,,,,,,,,,,,,,,,,,,927261,9,12,14,,,,,,,,,,,,,,,,,,,,,,,,
,,,,,,,,,,,,,,,,,,,,,,,,,,,,,,,,928103,9,12,14,,,,,,,,,,,,,,,,,,,,,,,,
,,,,,,,,,,,,,,,,,,,,,,,,,,,,,,,,928945,9,12,14,,,,,,,,,,,,,,,,,,,,,,,,
,,,,,,,,,,,,,,,,,,,,,,,,,,,,,,,,929857,9,12,13,,,,,,,,,,,,,,,,,,,,,,,,
,,,,,,,,,,,,,,,,,,,,,,,,,,,,,,,,930700,9,12,13,,,,,,,,,,,,,,,,,,,,,,,,
,,,,,,,,,,,,,,,,,,,,,,,,,,,,,,,,931542,9,12,13,,,,,,,,,,,,,,,,,,,,,,,,
,,,,,,,,,,,,,,,,,,,,,,,,,,,,,,,,932454,9,11,13,,,,,,,,,,,,,,,,,,,,,,,,
,,,,,,,,,,,,,,,,,,,,,,,,,,,,,,,,933296,10,12,14,,,,,,,,,,,,,,,,,,,,,,,,
,,,,,,,,,,,,,,,,,,,,,,,,,,,,,,,,934137,10,12,14,,,,,,,,,,,,,,,,,,,,,,,,
,,,,,,,,,,,,,,,,,,,,,,,,,,,,,,,,935050,10,12,14,,,,,,,,,,,,,,,,,,,,,,,,
,,,,,,,,,,,,,,,,,,,,,,,,,,,,,,,,935891,10,12,14,,,,,,,,,,,,,,,,,,,,,,,,
,,,,,,,,,,,,,,,,,,,,,,,,,,,,,,,,936733,10,12,14,,,,,,,,,,,,,,,,,,,,,,,,
,,,,,,,,,,,,,,,,,,,,,,,,,,,,,,,,937646,9,12,13,,,,,,,,,,,,,,,,,,,,,,,,