S17time_const,S17pm01_const,S17pm25_const,S17pm10_const,S17time_bike,S17pm01_bike,S17pm25_bike,S17pm10_bike,S17time_ped,S17pm01_ped,S17pm25_ped,S17pm10_ped,S04time_const,S04pm01_const,S04pm25_const,S04pm10_const,S04time_bike,S04pm01_bike,S04pm25_bike,S04pm10_bike,S04time_ped,S04pm01_ped,S04pm25_ped,S04pm10_ped,S02time_const,S02pm01_const,S02pm25_const,S02pm10_const,S02time_bike,S02pm01_bike,S02pm25_bike,S02pm10_bike,S02time_ped,S02pm01_ped,S02pm25_ped,S02pm10_ped,S16time_const,S16pm01_const,S16pm25_const,S16pm10_const,S16time_bike,S16pm01_bike,S16pm25_bike,S16pm10_bike,S16time_ped,S16pm01_ped,S16pm25_ped,S16pm10_ped,S##time_const,S##pm01_const,S##pm25_const,S##pm10_const,S##time_bike,S##pm01_bike,S##pm25_bike,S##pm10_bike,S##time_ped,S##pm01_ped,S##pm25_ped,S##pm10_ped
72318,13,29,29,5517,18,23,23,372348,10,16,19,43831,1,14,14,43831,1,14,14,25751,7,7,7,15533,3,4,5,11168,2,6,6,19512,0,1,1,4236,3,7,7,63076,9,13,14,11509,3,4,4,,,,,,,,,,,,
73354,15,25,26,6673,14,20,20,373860,17,26,26,45063,9,14,16,45063,9,14,16,27759,8,13,13,16442,3,4,5,12473,2,3,3,21030,1,1,1,5947,4,6,6,63921,9,13,14,12413,3,4,4,,,,,,,,,,,,
74265,16,25,27,7624,14,20,20,374701,17,26,26,45903,9,14,16,45903,9,14,16,28600,8,13,13,17283,3,4,5,13378,2,2,3,21872,1,1,1,6311,4,6,6,64761,9,13,14,13324,4,5,5,,,,,,,,,,,,
75176,16,25,26,8578,14,19,19,375612,17,25,25,46744,9,14,16,46744,9,14,16,29511,8,14,14,18124,3,4,5,14220,2,2,3,22784,1,1,1,7199,4,6,6,65671,9,13,14,14234,4,5,5,,,,,,,,,,,,
76088,16,25,27,9531,14,19,19,376495,17,25,25,47655,10,15,17,47655,10,15,17,30352,8,14,14,19055,4,5,5,15063,2,2,3,23625,1,1,1,8110,4,6,6,66511,9,13,14,15144,3,5,5,,,,,,,,,,,,
76998,17,26,28,10483,13,19,19,377377,17,25,25,48496,10,15,17,48496,10,15,17,31193,8,14,14,19888,4,5,5,15974,2,3,4,24467,1,1,1,9020,5,6,7,67351,9,13,14,16054,4,5,5,,,,,,,,,,,,
77910,17,25,27,11437,13,17,17,378289,17,25,26,49337,10,15,17,49337,10,15,17,32104,8,16,16,20721,4,5,5,16816,2,3,4,25397,1,1,1,9930,5,7,8,68262,9,13,13,16964,4,5,5,,,,,,,,,,,,
78821,17,26,27,12389,13,17,17,379129,17,25,26,50248,10,16,18,50248,10,16,18,33015,8,15,15,21630,3,5,5,17658,2,3,4,26230,1,1,1,10841,6,7,8,69102,9,13,13,17874,4,5,5,,,,,,,,,,,,
79732,18,26,27,13301,14,17,17,379971,17,25,26,51089,10,16,18,51089,10,16,18,33927,8,17,17,22472,3,5,5,18570,3,4,4,27063,1,1,1,11751,6,7,8,69943,9,13,13,18785,4,4,4,,,,,,,,,,,,
80644,17,28,30,14255,14,19,19,380882,16,24,26,51930,10,16,18,51930,10,16,18,34838,9,18,18,23313,3,5,5,19411,3,4,4,27974,1,2,2,12661,6,7,8,70853,9,12,12,19695,4,4,4,,,,,,,,,,,,
81555,17,26,29,15207,14,19,19,381723,16,24,27,52841,10,15,17,52841,10,15,17,35749,9,19,19,24244,3,5,5,20253,3,4,4,28816,1,2,2,13572,6,7,8,71693,9,12,12,20605,4,4,4,,,,,,,,,,,,
82466,17,27,29,16160,14,19,19,382606,16,24,27,53682,10,15,17,53682,10,15,17,36661,9,19,20,25077,3,5,5,21165,2,4,4,29658,1,2,2,14482,6,7,8,72534,9,12,12,21445,4,4,4,,,,,,,,,,,,
83378,17,27,29,17113,14,19,19,383559,16,26,28,54522,10,15,17,54522,10,15,17,37572,10,20,21,25910,3,5,5,22007,2,4,4,30569,1,2,2,15392,6,7,8,73443,9,12,12,22286,4,4,4,,,,,,,,,,,,
84218,17,27,29,18066,15,20,20,384442,16,25,27,55434,11,16,16,55434,11,16,16,38483,10,20,21,26819,3,5,5,22849,2,4,4,31411,1,2,2,16303,5,7,7,74284,9,12,12,23195,3,4,4,,,,,,,,,,,,
85059,17,27,29,19019,15,19,19,385325,16,25,27,56274,11,16,16,56274,11,16,16,39395,11,21,22,30794,3,5,5,23760,2,3,4,32252,1,2,2,17212,5,7,7,75124,9,12,12,24036,3,4,4,,,,,,,,,,,,
85969,17,27,29,19972,14,19,19,386278,16,25,27,57116,11,16,16,57116,11,16,16,40306,11,21,21,32008,2,4,4,24602,2,3,4,33164,2,2,2,18122,5,6,6,76035,9,12,12,24876,3,4,4,,,,,,,,,,,,
86810,17,27,29,20854,14,19,19,387119,16,25,27,58027,11,15,16,58027,11,15,16,41218,11,20,21,32849,2,4,4,25444,2,3,4,34006,2,2,2,19033,4,5,5,76874,9,12,12,25786,3,4,4,,,,,,,,,,,,
87651,17,27,29,21737,14,19,19,387959,16,25,27,58867,11,15,16,58867,11,15,16,42129,11,21,21,33692,2,4,4,26355,2,3,4,34847,2,2,2,19873,4,5,5,77715,9,12,12,26627,3,4,4,,,,,,,,,,,,
88562,16,27,28,22648,14,19,19,388872,17,25,28,59708,11,15,16,59708,11,15,16,43040,11,20,21,34603,2,4,4,27197,2,3,4,35760,2,3,3,20714,4,5,5,78625,9,11,11,27466,3,4,4,,,,,,,,,,,,
89403,15,26,27,23531,14,19,19,389712,17,25,28,60619,11,15,15,60619,11,15,15,43881,11,20,21,35444,2,4,4,28040,2,3,4,36600,2,3,3,21624,4,6,6,79465,9,11,11,28377,4,5,5,,,,,,,,,,,,
90243,15,26,27,24413,14,19,19,390553,17,25,28,61460,11,15,15,61460,11,15,15,44723,11,20,21,36285,2,4,4,28951,2,3,3,37442,2,3,3,22464,4,6,6,80306,9,11,11,29216,4,5,5,,,,,,,,,,,,
91154,15,25,26,25366,14,18,18,391465,17,24,27,62302,11,15,15,62302,11,15,15,45633,11,20,21,37196,2,3,3,29793,2,3,3,38352,2,3,3,23305,4,6,6,81216,9,12,12,30057,4,5,5,,,,,,,,,,,,
91995,15,25,26,26249,14,18,18,392306,17,24,27,63212,11,15,15,63212,11,15,15,46475,11,20,21,38038,2,3,3,30637,2,3,3,39194,2,3,3,24215,4,6,6,82057,9,12,12,30967,4,5,5,,,,,,,,,,,,
92835,15,25,26,27131,14,18,18,393147,17,24,27,64053,11,15,15,64053,11,15,15,47315,11,20,21,38880,2,3,3,31547,2,3,3,40036,2,3,3,25056,4,6,6,82897,9,12,12,31807,4,5,5,,,,,,,,,,,,
93747,16,25,26,28084,13,19,19,394059,17,25,27,64893,11,15,15,64893,11,15,15,48227,11,20,20,39791,2,4,4,32389,2,3,3,40947,2,3,3,25895,4,6,6,83808,9,12,12,32648,4,5,5,,,,,,,,,,,,
94587,16,25,26,28966,13,19,19,394971,17,26,27,65805,11,15,15,65805,11,15,15,49068,11,20,20,40633,2,4,4,33231,2,3,3,41789,2,3,3,26806,4,6,6,84648,9,12,12,33557,4,5,5,,,,,,,,,,,,
95427,16,25,26,29849,13,19,19,395883,16,25,27,66646,11,15,15,66646,11,15,15,49909,11,20,20,41475,2,4,4,34143,2,3,3,42631,2,3,3,27646,4,6,6,85488,9,12,12,34399,4,5,5,,,,,,,,,,,,
96338,16,25,26,30801,13,17,18,396794,17,26,29,67487,11,15,15,67487,11,15,15,50820,11,20,21,42386,1,2,2,34984,2,3,3,43542,2,3,3,28486,4,6,6,86398,8,10,10,35237,4,5,5,,,,,,,,,,,,
97180,16,25,26,31684,13,17,18,397707,17,26,28,68398,11,15,15,68398,11,15,15,51660,11,20,21,43228,1,2,2,35826,2,3,3,44384,2,3,3,29398,5,6,6,87239,8,10,10,36148,4,5,5,,,,,,,,,,,,
98021,17,26,27,32568,13,17,18,398619,17,26,28,69238,11,15,15,69238,11,15,15,52501,11,20,21,44069,1,2,2,36738,3,4,4,45225,2,3,3,30237,5,6,6,88079,8,10,10,36987,3,4,4,,,,,,,,,,,,
98973,17,27,28,33520,13,18,18,399529,17,26,26,70079,11,15,15,70079,11,15,15,53412,12,19,21,44981,1,2,2,37579,3,4,4,46137,1,3,3,31078,5,6,6,88989,9,10,10,37828,3,4,4,,,,,,,,,,,,
99885,17,25,26,34403,13,18,18,400442,17,26,27,70990,11,15,15,70990,11,15,15,54254,12,19,21,45822,1,2,2,38422,3,4,4,46979,1,3,3,31988,5,6,6,89829,9,10,10,38738,3,4,4,,,,,,,,,,,,
100797,18,26,26,35284,13,18,18,401353,17,26,26,71831,11,15,15,71831,11,15,15,55095,12,19,21,46663,1,2,2,39333,3,4,4,47820,1,3,3,32828,5,6,6,90670,9,10,10,39578,3,4,4,,,,,,,,,,,,
101708,18,26,26,36238,13,18,19,402307,17,27,28,72672,11,15,15,72672,11,15,15,56006,11,18,21,47576,1,3,3,40175,3,4,4,48733,2,3,3,33669,5,6,6,91580,8,10,10,40419,3,4,4,,,,,,,,,,,,
102620,19,26,26,37121,13,18,19,403260,17,26,26,73583,11,14,14,73583,11,14,14,56847,11,18,21,48416,1,3,3,41018,3,4,4,49574,2,3,3,34579,5,7,7,92421,8,10,10,41328,3,5,5,,,,,,,,,,,,
103531,20,28,28,38003,13,18,19,404213,17,26,26,74425,11,14,14,74425,11,14,14,57688,11,18,21,49258,1,3,3,41929,2,3,3,50416,2,3,3,35419,5,7,7,93260,8,10,10,42169,3,5,5,,,,,,,,,,,,
104442,20,28,28,38956,13,18,19,405167,17,27,28,75266,11,14,14,75266,11,14,14,58599,11,18,20,50169,1,2,2,42771,2,3,3,51328,2,3,3,36259,5,7,7,94171,8,10,10,43009,3,5,5,,,,,,,,,,,,
105354,20,29,29,39838,13,18,19,406049,17,28,29,76176,11,15,15,76176,11,15,15,59440,11,17,20,51011,1,2,2,43613,2,3,3,52169,2,3,3,37170,5,8,8,95011,8,10,10,43919,3,4,5,,,,,,,,,,,,
106265,20,30,30,40721,13,18,19,406932,17,28,29,77018,11,15,15,77018,11,15,15,60280,11,17,20,51853,1,2,2,44524,2,3,3,53011,2,3,3,38010,5,8,8,95851,8,10,10,44760,3,4,5,,,,,,,,,,,,
107176,20,30,30,41674,13,17,18,407843,17,27,29,77858,11,15,15,77858,11,15,15,61192,10,19,21,52764,1,2,2,45367,2,3,3,53922,2,3,3,38850,5,8,8,96762,8,10,10,45599,3,4,5,,,,,,,,,,,,
108088,19,29,29,42557,13,17,18,408685,17,27,29,78769,11,15,16,78769,11,15,16,62032,10,19,21,53606,1,2,2,46209,2,3,3,54764,2,3,3,39760,5,8,8,97602,8,10,10,46510,3,4,5,,,,,,,,,,,,
108998,18,29,29,43440,13,17,18,409526,17,27,29,79609,11,15,16,79609,11,15,16,62873,10,18,21,54448,1,2,2,47120,2,2,2,55606,2,3,3,40601,5,8,8,98443,8,10,10,47349,3,4,5,,,,,,,,,,,,
109910,18,28,29,44392,13,18,19,410437,16,27,29,80451,11,15,16,80451,11,15,16,63785,10,17,21,55359,1,2,2,47962,2,2,2,56518,2,2,2,41442,5,8,8,99353,7,10,10,48190,3,4,5,,,,,,,,,,,,
110750,18,28,29,45233,13,18,19,411279,16,26,28,81361,10,15,16,81361,10,15,16,64625,10,17,21,56201,1,2,2,48803,2,2,2,57360,2,2,2,42351,5,8,8,100193,7,10,10,49099,3,5,5,,,,,,,,,,,,
111591,18,28,29,46074,13,18,19,412120,16,26,28,82203,10,15,16,82203,10,15,16,65466,10,17,21,57042,1,2,2,49715,2,3,3,58202,2,2,2,43192,5,8,8,101033,7,10,10,49940,3,5,5,,,,,,,,,,,,
112502,17,26,27,46986,13,18,19,413031,16,26,27,83043,10,15,16,83043,10,15,16,66377,10,17,21,57953,2,3,3,50556,2,3,3,59113,2,2,2,44032,5,8,8,101944,7,10,10,50780,3,5,5,,,,,,,,,,,,
113343,17,26,27,47826,13,18,19,413873,16,26,27,83954,10,15,16,83954,10,15,16,67219,10,17,21,58796,2,3,3,51398,2,3,3,59956,2,2,2,44943,5,8,8,102784,7,10,10,51690,2,5,6,,,,,,,,,,,,
114184,17,26,27,48667,13,18,19,414713,16,26,28,84795,10,15,16,84795,10,15,16,68060,10,17,21,59636,2,3,3,52311,3,3,3,60796,2,2,2,45783,5,8,8,103624,7,10,10,52531,2,5,6,,,,,,,,,,,,
115094,16,25,26,49579,13,19,20,415625,16,26,29,85636,10,15,16,85636,10,15,16,68970,10,17,21,60548,2,3,3,53152,3,3,3,61708,2,2,2,46623,5,8,8,104535,7,10,10,53370,2,5,6,,,,,,,,,,,,
115935,16,25,26,50420,13,19,20,416466,16,26,29,86547,10,15,16,86547,10,15,16,69812,10,17,21,61389,2,3,3,53995,3,3,3,62551,2,2,2,47533,5,8,8,105374,7,10,10,54281,2,5,6,,,,,,,,,,,,
116775,16,25,26,51261,13,19,20,417307,16,26,29,87388,10,15,16,87388,10,15,16,70652,10,17,21,62231,2,3,3,54906,3,3,3,63392,2,2,2,48373,5,8,8,106215,7,10,10,55120,3,6,7,,,,,,,,,,,,
117687,15,24,25,52172,13,19,20,418219,15,25,28,88228,10,15,16,88228,10,15,16,71564,10,17,20,63142,2,3,3,55747,3,3,3,64304,2,2,2,49213,5,8,8,107125,7,10,10,55962,3,6,7,,,,,,,,,,,,
118528,15,24,25,53013,13,19,20,419059,15,25,28,89140,10,16,17,89140,10,16,17,72406,10,17,20,63984,2,3,3,56589,3,3,3,65145,2,2,2,50123,5,7,7,107966,7,10,10,56871,3,6,8,,,,,,,,,,,,
119368,15,24,25,53854,13,19,20,419901,15,25,28,89980,10,16,17,89980,10,16,17,73246,10,17,20,64826,2,3,3,57500,2,3,3,65987,2,2,2,50964,5,7,7,108806,7,10,10,57712,3,6,8,,,,,,,,,,,,
120280,14,23,24,54766,13,20,22,420812,15,25,28,90821,10,16,17,90821,10,16,17,74158,10,17,21,65737,2,3,3,58342,2,3,3,66898,2,2,2,51805,5,7,7,109717,7,10,10,58552,3,6,8,,,,,,,,,,,,
121119,14,23,24,55607,13,20,22,421653,15,25,28,91734,10,17,17,91734,10,17,17,74997,10,17,21,66579,2,3,3,59184,2,3,3,67740,2,2,2,52715,5,7,7,110558,7,10,10,59462,4,6,8,,,,,,,,,,,,
121960,14,23,24,56448,13,20,22,422495,15,25,28,92573,10,17,17,92573,10,17,17,75838,10,17,21,67421,2,3,3,60096,2,3,3,68583,2,2,2,53556,5,7,7,111397,7,10,10,60302,4,6,8,,,,,,,,,,,,
122872,14,23,23,57360,13,20,21,423405,15,23,25,93415,10,17,17,93415,10,17,17,76749,10,17,21,68332,2,3,3,60938,3,4,4,69494,2,2,2,54395,5,7,7,112308,8,10,10,61143,4,6,8,,,,,,,,,,,,
123783,15,22,23,58200,13,20,21,424247,15,23,25,94325,10,17,17,94325,10,17,17,77590,10,18,22,69174,2,3,3,61779,3,4,4,70336,2,2,2,55307,5,8,8,113147,8,10,10,62053,4,6,8,,,,,,,,,,,,
124695,15,23,25,59041,13,20,21,425088,15,23,25,95166,10,17,17,95166,10,17,17,78431,10,18,22,70016,2,3,3,62691,3,4,4,71178,2,2,2,56146,5,8,8,113988,8,10,10,62893,4,6,8,,,,,,,,,,,,
125605,13,22,24,59953,13,20,21,426000,15,24,27,96007,10,17,17,96007,10,17,17,79342,9,18,22,70927,2,3,3,63533,2,3,3,72089,2,3,3,56986,5,8,8,114898,8,11,11,63733,4,6,8,,,,,,,,,,,,
126517,14,22,23,60793,13,20,21,426911,15,23,27,96918,10,17,18,96918,10,17,18,80184,9,17,21,71769,2,3,3,64375,2,3,3,72931,2,3,3,57896,5,7,7,115739,8,11,11,64643,4,6,8,,,,,,,,,,,,
127428,14,22,25,61634,13,20,21,427823,14,23,24,97759,10,17,18,97759,10,17,18,81025,9,17,21,72610,2,3,3,65287,2,3,3,73773,2,3,3,58737,5,7,7,116579,8,11,11,65483,4,6,8,,,,,,,,,,,,
128339,15,24,26,62546,13,20,21,428735,14,22,23,98599,10,17,18,98599,10,17,18,81935,9,17,20,73522,1,2,2,66128,2,3,3,74684,2,2,2,59577,5,7,7,117490,8,11,11,66323,4,6,8,,,,,,,,,,,,
129251,15,24,27,63387,13,20,21,429646,15,24,25,99511,10,17,18,99511,10,17,18,82777,9,17,20,74363,1,2,2,66970,2,3,3,75526,2,2,2,60487,5,7,7,118330,8,11,11,67233,4,6,7,,,,,,,,,,,,
130161,15,25,27,64228,13,20,21,430558,15,25,26,100352,10,17,18,100352,10,17,18,83617,9,17,20,75205,1,2,2,67881,2,4,4,76367,2,2,2,61328,5,7,7,119171,8,11,11,68074,4,6,7,,,,,,,,,,,,
131074,16,26,28,65139,13,20,21,431470,16,24,25,101193,10,17,18,101193,10,17,18,84529,10,17,20,76116,2,2,2,68723,2,4,4,77279,2,3,3,62168,5,7,7,120080,8,10,10,68914,4,6,7,,,,,,,,,,,,
131985,16,25,28,65980,13,20,21,432381,16,24,24,102104,10,16,17,102104,10,16,17,85369,10,17,20,76958,2,2,2,69565,3,5,5,78120,2,3,3,63078,5,7,8,120921,8,10,10,69824,4,6,7,,,,,,,,,,,,
132896,16,25,28,66821,13,20,21,433294,17,26,27,102945,10,16,17,102945,10,16,17,86210,10,17,20,77800,2,2,2,70476,3,4,4,78962,2,3,3,63919,5,7,8,121761,8,10,10,70664,4,6,7,,,,,,,,,,,,
133808,16,24,26,67733,13,20,20,434205,17,26,27,103785,10,16,17,103785,10,16,17,87122,10,16,19,78711,2,2,3,71318,3,4,4,79875,2,3,3,64758,5,7,8,122672,8,10,10,71504,4,6,7,,,,,,,,,,,,
134648,16,24,26,68574,13,20,20,435117,16,25,26,104696,10,16,16,104696,10,16,16,87963,10,16,19,79553,2,2,3,72161,2,3,3,80716,2,3,3,65669,5,8,9,123511,8,10,10,72415,4,6,8,,,,,,,,,,,,
135489,16,24,26,69414,13,20,20,436029,16,25,26,105538,10,16,16,105538,10,16,16,88804,10,16,19,80394,2,2,3,73072,2,3,3,81558,2,3,3,66509,5,8,9,124352,8,10,10,73254,4,6,8,,,,,,,,,,,,
136400,16,24,26,70326,13,20,21,436940,16,25,26,106379,10,16,16,106379,10,16,16,89715,10,15,18,81306,2,2,3,73914,2,3,3,82469,2,4,4,67350,5,8,9,125262,8,10,10,74095,4,6,8,,,,,,,,,,,,
137240,16,24,26,71166,13,20,21,437781,16,25,26,107289,10,15,15,107289,10,15,15,90556,10,15,18,82147,2,2,3,74756,2,3,3,83311,2,4,4,68259,5,7,8,126102,8,10,10,75004,4,6,8,,,,,,,,,,,,
138081,16,24,26,72008,13,20,21,438623,16,25,26,108130,10,15,15,108130,10,15,15,91397,10,15,18,82989,2,2,3,75667,2,3,3,84153,2,4,4,69100,5,7,8,126942,8,10,10,75845,4,6,8,,,,,,,,,,,,
138992,17,24,26,72920,13,20,21,439534,16,25,27,108971,10,15,15,108971,10,15,15,92308,10,15,18,83900,2,2,3,76509,2,3,3,85066,2,4,4,69940,5,7,8,127852,8,11,11,76686,4,6,8,,,,,,,,,,,,
139833,17,24,26,73760,13,20,21,440445,15,24,26,109882,10,15,15,109882,10,15,15,93149,10,15,18,84742,2,2,3,77350,2,3,3,85908,2,4,4,70850,5,7,8,128693,8,11,11,77595,4,6,6,,,,,,,,,,,,
140674,17,24,26,74601,13,20,21,441357,15,24,26,110723,10,15,15,110723,10,15,15,93989,10,15,18,85583,2,2,3,78262,1,3,3,86750,2,4,4,71691,5,7,8,129532,8,11,11,78436,4,6,6,,,,,,,,,,,,
141585,17,24,24,75513,13,20,21,442269,15,24,26,111563,10,15,15,111563,10,15,15,94901,10,15,18,86495,1,3,3,79105,1,3,3,87660,3,4,4,72530,5,7,8,130443,8,10,10,79276,4,6,6,,,,,,,,,,,,
142425,17,24,24,76354,13,20,21,443181,15,24,26,112475,10,15,15,112475,10,15,15,95741,10,15,18,87336,1,3,3,79946,1,3,3,88502,3,4,4,73441,5,7,8,131283,8,10,10,80186,4,6,7,,,,,,,,,,,,
143265,17,24,24,77195,13,20,21,444092,15,24,25,113315,10,15,15,113315,10,15,15,96583,10,15,18,88178,1,3,3,80858,1,3,3,89344,3,4,4,74281,5,7,8,132123,8,10,10,81026,4,6,7,,,,,,,,,,,,
144177,18,25,25,78106,14,20,21,445004,15,25,27,114156,10,15,15,114156,10,15,15,97495,10,15,18,89089,1,2,3,81699,1,3,3,90256,3,4,4,75122,5,7,8,133033,8,10,10,81865,4,6,7,,,,,,,,,,,,
145017,18,25,25,78948,14,20,21,445916,16,26,28,115067,9,14,15,115067,9,14,15,98335,10,15,18,89930,1,2,3,82541,1,3,3,91098,3,4,4,76033,5,8,8,133873,8,10,10,82776,4,6,6,,,,,,,,,,,,
145858,18,25,25,79789,14,20,21,446827,16,26,28,115909,9,14,15,115909,9,14,15,99176,10,15,18,90772,1,2,3,83453,1,2,3,91939,3,4,4,76872,5,8,8,134714,8,10,10,83616,4,6,6,,,,,,,,,,,,
146769,19,25,25,80700,14,19,19,447740,15,25,27,116749,9,14,15,116749,9,14,15,100087,9,14,16,91683,1,2,3,84294,2,3,4,92851,3,4,4,77714,5,8,8,135624,8,10,10,84456,4,6,6,,,,,,,,,,,,
147610,19,25,25,81543,14,19,19,448651,15,26,27,117660,9,14,15,117660,9,14,15,100928,9,14,16,92525,1,2,3,85136,2,3,4,93692,3,4,4,78623,5,7,8,136464,8,10,10,85366,4,5,5,,,,,,,,,,,,
148450,19,25,25,82382,14,19,19,449562,15,26,29,118501,9,14,15,118501,9,14,15,101769,9,14,16,93367,1,2,3,86047,1,3,4,94534,3,4,4,79463,5,7,8,137305,8,10,10,86206,4,5,5,,,,,,,,,,,,
149362,19,25,26,83294,14,19,19,450473,15,26,29,119342,9,14,15,119342,9,14,15,102680,10,14,16,94278,2,2,3,86889,1,3,4,95446,2,4,4,80303,5,7,8,138215,8,10,10,87047,4,5,5,,,,,,,,,,,,
150201,19,25,26,84134,14,19,19,451315,15,26,29,120253,9,14,16,120253,9,14,16,103521,10,14,16,95120,2,2,3,87732,0,2,3,96288,2,4,4,81214,5,7,8,139055,8,10,10,87957,4,5,5,,,,,,,,,,,,
151042,19,25,26,84976,14,19,19,452156,15,26,29,121094,9,14,16,121094,9,14,16,104361,10,14,16,95962,2,2,3,88643,1,2,3,97129,2,4,4,82054,5,7,8,139895,8,10,10,88797,4,5,5,,,,,,,,,,,,
151953,19,24,26,85888,14,20,20,453067,15,26,29,121934,9,14,16,121934,9,14,16,105273,10,14,15,96873,1,2,3,89485,1,2,3,98041,2,4,4,82894,5,7,8,140806,8,10,10,89637,4,5,5,,,,,,,,,,,,
152794,19,24,26,86728,14,20,20,453908,15,26,29,122846,9,14,17,122846,9,14,17,106114,10,14,15,97715,1,2,3,90327,2,3,4,98883,2,4,4,83805,4,7,9,141646,8,10,10,90547,3,5,5,,,,,,,,,,,,
153633,19,24,26,87569,14,20,20,454749,15,26,29,123686,9,14,17,123686,9,14,17,106954,10,14,15,98556,1,2,3,91238,2,3,4,99725,2,4,4,84644,4,7,9,142486,8,10,10,91387,3,5,5,,,,,,,,,,,,
154545,19,23,25,88481,14,20,20,455661,15,26,29,124527,9,14,17,124527,9,14,17,107866,10,16,16,99468,2,2,3,92080,2,3,4,100636,2,4,4,85485,4,7,9,143397,8,10,11,92227,3,5,5,,,,,,,,,,,,
155385,19,23,25,89322,14,20,20,456502,15,26,29,125438,9,14,17,125438,9,14,17,108707,10,16,16,100308,2,2,3,92921,2,3,4,101478,2,4,4,86395,4,7,8,144237,8,10,11,93137,3,5,5,,,,,,,,,,,,
156226,19,23,25,90163,14,20,20,457342,15,26,29,126279,9,14,17,126279,9,14,17,109548,10,16,16,101150,2,2,3,93833,1,3,3,102320,2,4,4,87235,4,7,8,145078,8,10,11,93978,3,5,5,,,,,,,,,,,,
157137,18,23,25,91074,14,20,20,458254,14,24,27,127120,9,14,17,127120,9,14,17,110459,10,16,17,102062,1,2,3,94674,1,3,3,103231,2,4,4,88076,4,7,8,145988,8,11,11,94818,3,5,5,,,,,,,,,,,,
157977,18,23,25,91916,14,20,20,459096,14,24,27,128031,9,14,17,128031,9,14,17,111299,10,16,17,102903,1,2,3,95516,1,3,3,104073,2,4,4,88986,4,6,7,146828,8,11,11,95728,4,5,5,,,,,,,,,,,,
158818,18,23,25,92756,14,20,20,459936,14,24,27,128872,9,14,17,128872,9,14,17,112140,10,16,17,103745,1,2,3,96428,0,2,2,104914,2,4,4,89826,4,6,7,147668,8,11,11,96569,4,5,5,,,,,,,,,,,,
159729,18,24,25,93669,14,21,21,460848,14,23,26,129713,9,14,17,129713,9,14,17,113051,10,17,18,104656,1,2,2,97269,0,2,2,105827,3,4,4,90667,4,6,7,148579,8,10,11,97409,4,5,5,,,,,,,,,,,,
160570,18,24,25,94510,14,21,21,461689,14,23,26,130624,9,14,17,130624,9,14,17,113892,10,17,18,105498,1,2,2,98111,0,2,2,106669,3,4,4,91577,5,6,7,149419,8,10,11,98319,4,5,5,,,,,,,,,,,,
161410,18,24,25,95350,14,21,21,462530,14,24,26,131465,9,14,17,131465,9,14,17,114734,10,17,18,106339,1,2,2,99022,0,2,3,107510,3,4,4,92418,5,6,7,150259,8,10,11,99159,4,5,5,,,,,,,,,,,,
162323,18,25,26,96262,14,21,22,463441,13,22,25,132305,9,14,17,132305,9,14,17,115645,10,18,19,107250,1,2,2,99864,0,2,3,108422,2,3,3,93257,5,6,7,151170,8,10,11,99999,4,5,5,,,,,,,,,,,,
163162,18,25,26,97103,14,21,22,464283,13,22,25,133216,9,15,17,133216,9,15,17,116486,10,18,19,108092,1,2,2,100706,0,2,3,109264,2,3,3,94168,5,6,7,152010,8,10,11,100910,3,5,5,,,,,,,,,,,,
164002,18,25,26,97944,14,21,22,465124,13,23,25,134056,9,15,17,134056,9,15,17,117325,10,18,19,108934,1,2,2,101617,0,2,3,110106,2,3,3,95007,5,6,7,152850,8,10,11,101749,3,5,5,,,,,,,,,,,,
164914,18,25,27,98897,15,22,23,466035,13,23,25,134897,9,15,17,134897,9,15,17,118237,10,19,20,109845,1,3,3,102459,1,3,4,111016,2,3,3,95848,5,6,7,153760,8,10,10,102590,3,5,5,,,,,,,,,,,,
165754,18,25,27,99780,15,22,23,466877,13,23,25,135809,10,15,17,135809,10,15,17,119078,10,19,20,110687,1,3,3,103301,1,3,4,111858,2,3,3,96758,5,6,8,154601,8,10,10,103500,4,5,5,,,,,,,,,,,,
166595,18,25,27,100662,15,22,23,467718,13,23,25,136649,10,15,17,136649,10,15,17,119919,10,19,20,111527,1,3,3,104213,1,3,4,112700,2,3,3,97599,5,6,8,155441,8,10,10,104341,4,5,5,,,,,,,,,,,,
167506,17,24,26,101574,15,22,25,468629,14,22,25,137490,10,15,17,137490,10,15,17,120832,10,18,21,112440,1,3,3,105054,0,2,3,113611,2,3,3,98439,5,6,8,156352,8,10,11,105182,4,5,5,,,,,,,,,,,,
168346,17,24,26,102415,15,22,25,469470,14,22,25,138401,10,15,17,138401,10,15,17,121671,10,18,21,113282,1,3,3,105895,0,2,3,114454,2,3,3,99349,5,6,8,157192,8,10,11,106091,3,4,5,,,,,,,,,,,,
169187,17,24,26,103256,15,22,25,470311,14,22,25,139242,10,15,17,139242,10,15,17,122512,10,18,21,114122,1,3,3,106807,0,2,3,115296,2,3,3,100190,5,6,8,158032,8,10,11,106932,3,4,5,,,,,,,,,,,,
170098,17,26,27,104168,15,22,25,471223,14,21,26,140084,10,15,17,140084,10,15,17,123423,9,18,21,115034,1,3,3,107649,0,2,3,116207,2,3,3,101030,5,6,8,158944,8,10,11,107771,3,4,5,,,,,,,,,,,,
170939,17,26,27,105009,15,22,25,472065,14,21,26,140995,10,16,17,140995,10,16,17,124264,9,18,21,115875,1,3,3,108490,0,2,3,117049,2,3,3,101941,5,6,7,159784,8,10,11,108682,3,4,5,,,,,,,,,,,,
171781,17,26,27,105850,15,22,25,472906,14,21,26,141836,10,16,17,141836,10,16,17,125106,9,18,21,116717,1,3,3,109402,0,2,2,117891,2,3,3,102781,5,6,7,160624,8,10,11,109521,3,4,5,,,,,,,,,,,,
172691,17,26,27,106802,14,22,24,473818,14,22,23,142676,10,16,17,142676,10,16,17,126016,10,18,22,117628,2,3,3,110243,0,2,2,118802,2,3,3,103621,5,6,7,161534,8,10,11,110362,3,4,5,,,,,,,,,,,,
173532,17,26,27,107684,14,22,24,474658,14,22,23,143588,10,15,16,143588,10,15,16,126857,10,18,22,118469,2,3,3,111085,0,2,2,119645,2,3,3,104531,4,5,7,162375,8,10,11,111272,4,5,6,,,,,,,,,,,,
174372,17,26,27,108526,14,22,24,475500,14,22,23,144429,10,15,16,144429,10,15,16,127697,10,18,22,119311,2,3,3,111997,0,2,2,120486,2,3,3,105372,4,5,7,163215,8,10,11,112113,4,5,6,,,,,,,,,,,,
175284,17,26,26,109437,13,21,24,476411,14,21,23,145269,10,15,16,145269,10,15,16,128610,10,18,21,120222,1,4,5,112839,0,2,2,121398,2,3,3,106212,4,5,7,164125,8,10,10,112953,4,5,6,,,,,,,,,,,,
176124,17,26,26,110278,13,21,24,477252,14,22,24,146181,10,15,15,146181,10,15,15,129449,10,18,21,121064,1,4,5,113681,0,2,2,122240,2,3,3,107122,4,5,6,164965,8,10,10,113863,4,5,6,,,,,,,,,,,,
176964,17,26,26,111119,13,21,24,478093,14,22,24,147020,10,15,15,147020,10,15,15,130290,10,18,21,121906,1,4,5,114592,0,2,2,123082,2,3,3,107963,4,5,6,165806,8,10,10,114704,4,5,6,,,,,,,,,,,,
177875,17,27,28,112030,13,21,24,479005,15,23,25,147862,10,15,15,147862,10,15,15,131202,10,18,21,122817,1,4,5,115434,0,2,2,123994,2,3,3,108804,4,5,6,166716,7,11,12,115544,4,5,6,,,,,,,,,,,,
178716,17,27,28,112871,13,21,24,479846,15,23,25,148772,10,14,15,148772,10,14,15,132042,10,18,21,123659,1,4,5,116277,0,2,2,124835,2,3,3,109714,4,5,6,167557,7,11,12,116454,4,5,6,,,,,,,,,,,,
179557,17,27,28,113713,13,21,24,480729,15,23,25,149613,10,14,15,149613,10,14,15,132883,10,18,21,124500,1,4,5,117187,0,2,2,125677,2,3,3,110554,4,5,6,168396,7,11,12,117295,4,5,6,,,,,,,,,,,,
180468,17,27,29,114624,13,22,25,481682,15,23,25,150454,10,14,15,150454,10,14,15,133795,9,17,20,125412,1,3,4,118029,0,2,2,126588,2,3,3,111394,4,5,6,169307,7,11,12,118134,4,5,6,,,,,,,,,,,,
181309,17,27,29,115535,13,22,26,482523,15,23,25,151365,9,14,16,151365,9,14,16,134636,9,17,20,126253,1,3,4,118871,0,2,2,127430,2,3,3,112305,4,5,6,170147,7,11,12,119045,4,5,6,,,,,,,,,,,,
182150,17,27,29,116447,13,21,24,483363,15,22,24,152206,9,14,16,152206,9,14,16,135477,9,17,20,127094,1,3,4,119782,0,2,2,128272,2,3,3,113145,4,5,6,170987,7,11,12,119884,4,5,6,,,,,,,,,,,,
183062,18,29,30,117359,13,21,24,484275,15,23,24,153047,9,14,16,153047,9,14,16,136388,9,16,21,128006,2,4,6,120625,0,2,2,129183,2,3,3,113985,4,5,6,171897,7,10,11,120725,4,5,6,,,,,,,,,,,,
183902,18,29,30,118270,13,21,25,485116,15,23,24,153958,9,15,16,153958,9,15,16,137229,9,16,21,128848,2,4,6,121465,0,2,2,130026,2,3,3,114895,4,6,6,172738,7,10,11,121635,5,6,6,,,,,,,,,,,,
184742,18,29,30,119182,13,22,23,485957,15,23,24,154798,9,15,16,154798,9,15,16,138070,9,16,21,129690,2,4,6,122377,0,2,2,130868,2,3,3,115736,4,6,6,173578,7,10,11,122475,5,6,6,,,,,,,,,,,,
185654,19,29,30,120094,14,21,22,486868,16,23,25,155639,9,15,16,155639,9,15,16,138981,9,16,20,130601,2,5,6,123218,1,3,3,131779,2,3,3,116576,4,6,6,174489,8,11,12,123316,5,6,6,,,,,,,,,,,,
186494,19,29,30,121006,14,23,24,487708,16,23,25,156551,10,16,17,156551,10,16,17,139822,9,16,20,131442,2,5,6,124060,1,3,3,132621,2,3,3,117486,4,5,6,175329,8,11,12,124226,5,6,7,,,,,,,,,,,,
187334,19,29,30,121917,15,23,23,488550,16,23,25,157391,10,16,17,157391,10,16,17,140662,9,16,20,132284,2,5,6,124972,1,3,3,133464,2,3,3,118327,4,5,6,176169,8,11,12,125066,5,6,7,,,,,,,,,,,,
188246,18,29,29,122828,15,23,23,489461,15,23,25,158232,10,16,17,158232,10,16,17,141574,9,15,18,133195,2,4,6,125813,1,3,3,134375,2,3,3,119166,5,6,7,177080,8,11,13,125906,5,6,7,,,,,,,,,,,,
189086,18,29,29,123741,14,22,22,490302,15,23,25,159142,10,16,19,159142,10,16,19,142414,9,15,18,134037,2,4,6,126656,0,2,2,135217,2,3,3,120077,5,6,7,177920,8,11,13,126817,5,6,7,,,,,,,,,,,,
189927,18,29,29,124652,14,22,24,491144,15,23,25,159983,10,16,19,159983,10,16,19,143255,9,15,18,134879,2,4,6,127567,0,2,2,136058,2,3,3,120918,5,6,7,178760,8,11,13,127656,5,6,7,,,,,,,,,,,,
190838,18,28,28,125563,15,23,24,492055,16,23,25,160825,10,16,19,160825,10,16,19,144166,10,16,20,135790,2,4,5,128410,0,2,2,136970,2,3,3,121757,4,5,6,179671,8,11,14,128498,5,6,7,,,,,,,,,,,,
191679,18,28,28,126404,15,23,24,492896,16,23,25,161735,10,17,20,161735,10,17,20,145008,10,16,20,136632,2,4,5,129251,1,3,3,137811,2,3,3,122668,4,6,6,180510,8,11,14,129406,5,6,6,,,,,,,,,,,,
192520,18,28,28,127245,15,23,24,493737,16,23,25,162576,10,17,20,162576,10,17,20,145849,10,16,20,137474,2,4,5,130162,1,2,2,138654,2,3,3,123507,4,6,6,181350,8,11,14,130247,5,6,6,,,,,,,,,,,,
193431,18,28,29,128198,14,22,23,494649,16,23,24,163417,10,17,20,163417,10,17,20,146759,10,16,18,138385,2,4,6,131004,1,2,2,139566,2,3,3,124348,4,6,6,182260,8,10,13,131088,5,6,6,,,,,,,,,,,,
194272,18,28,29,129081,14,22,23,495490,16,23,24,164329,10,17,20,164329,10,17,20,147601,10,16,18,139227,2,4,6,131846,0,1,1,140407,2,3,3,125258,4,5,5,183102,8,10,13,131997,5,6,6,,,,,,,,,,,,
195111,18,28,29,129963,14,22,23,496330,16,23,24,165169,10,17,20,165169,10,17,20,148443,10,16,18,140068,2,4,6,132757,0,1,1,141250,2,3,3,126098,4,5,5,183942,8,10,13,132838,5,6,6,,,,,,,,,,,,
196025,19,27,28,130917,14,22,23,497244,15,22,23,166009,10,17,20,166009,10,17,20,149353,10,16,18,140980,2,4,7,133600,0,1,1,142161,2,3,3,126938,4,5,5,184852,8,10,13,133679,5,6,6,,,,,,,,,,,,
196864,19,27,28,131799,14,22,23,498083,15,22,23,166921,10,18,21,166921,10,18,21,150194,10,16,18,141821,2,4,7,134441,0,1,1,143003,2,3,3,127848,4,6,6,185692,8,10,13,134588,5,6,6,,,,,,,,,,,,
197704,19,27,28,132681,14,22,23,498924,15,22,23,167761,10,18,21,167761,10,18,21,151034,10,16,18,142663,2,4,7,135353,2,2,2,143845,2,3,3,128689,4,6,6,186531,8,10,13,135429,5,6,6,,,,,,,,,,,,
198616,19,26,27,133634,14,22,24,499836,16,23,23,168603,10,18,21,168603,10,18,21,151946,11,17,18,143575,2,4,7,136195,2,2,2,144756,2,3,3,129528,4,6,6,187442,7,10,12,136269,5,6,6,,,,,,,,,,,,
199456,19,26,27,134517,14,22,24,500677,16,23,23,169513,11,19,24,169513,11,19,24,152786,11,17,18,144416,2,4,7,137036,2,2,2,145598,2,3,3,130439,4,6,6,188281,7,10,12,137179,4,5,6,,,,,,,,,,,,
200297,19,26,27,135399,14,22,24,501518,16,23,23,170354,11,19,24,170354,11,19,24,153627,11,17,18,145258,2,4,7,137949,2,3,3,146440,2,3,3,131279,4,6,6,189122,7,10,12,138019,4,5,6,,,,,,,,,,,,
201208,19,27,28,136351,13,22,23,502471,16,23,24,171195,11,19,24,171195,11,19,24,154539,10,17,18,146169,2,3,6,138790,2,3,3,147351,2,3,3,132119,4,6,6,190032,7,10,12,138859,4,5,6,,,,,,,,,,,,
202049,19,27,28,137234,13,22,23,503354,16,23,24,172106,11,22,25,172106,11,22,25,155379,10,17,18,147011,2,3,6,139632,2,3,3,148194,2,3,3,133029,4,6,6,190872,7,10,12,139769,4,5,6,,,,,,,,,,,,
202890,19,27,28,138117,13,22,23,504237,16,23,24,172948,11,21,24,172948,11,21,24,156220,10,17,18,147852,2,3,6,140544,2,3,3,149036,2,3,3,133870,5,7,7,191713,7,10,12,140610,4,5,6,,,,,,,,,,,,
203801,19,26,27,139070,13,21,22,505189,15,22,23,173789,11,21,24,173789,11,21,24,157131,11,18,19,148763,2,3,6,141385,2,3,3,149947,2,3,3,134710,5,7,7,192623,7,9,10,141450,4,5,6,,,,,,,,,,,,
204642,19,26,27,139953,13,21,22,506072,15,22,23,174700,12,22,25,174700,12,22,25,157972,11,18,19,149606,2,3,6,142227,2,3,3,150789,2,3,3,135620,5,7,7,193463,7,9,10,142360,4,5,6,,,,,,,,,,,,
205483,19,26,27,140834,13,21,22,506954,15,22,23,175541,11,21,24,175541,11,21,24,158813,11,18,19,150447,2,3,6,143138,2,3,3,151630,2,3,3,136461,5,7,7,194304,7,9,10,143201,4,5,6,,,,,,,,,,,,
206394,19,26,27,141788,13,21,22,507908,15,23,24,176381,11,21,24,176381,11,21,24,159724,11,19,20,151358,3,4,7,143981,2,3,3,152542,2,3,3,137300,4,6,6,195214,7,9,10,144041,4,5,6,,,,,,,,,,,,
207235,19,26,27,142670,13,21,22,508789,15,23,24,177293,11,21,23,177293,11,21,23,160566,11,19,20,152200,3,4,7,144823,2,3,3,153383,2,3,3,138211,4,6,6,196054,7,9,10,144952,4,5,6,,,,,,,,,,,,
208075,19,26,27,143552,13,21,22,509672,15,23,24,178134,11,21,23,178134,11,21,23,161406,11,19,20,153042,3,4,7,145734,2,3,3,154225,2,3,3,139052,4,6,6,196894,7,9,10,145793,4,5,6,,,,,,,,,,,,
208987,18,24,25,144505,13,21,22,510625,15,23,23,178974,11,20,23,178974,11,20,23,162317,11,18,19,153954,2,3,6,146576,2,3,3,155137,2,3,3,139891,5,7,7,197805,7,9,10,146632,4,5,6,,,,,,,,,,,,
209827,18,24,25,145388,13,21,22,511508,15,23,23,179886,11,19,21,179886,11,19,21,163159,11,18,19,154796,2,3,6,147418,2,3,3,155978,2,3,3,140802,5,6,6,198644,7,9,10,147543,4,6,6,,,,,,,,,,,,
210668,18,24,25,146271,13,21,22,512390,15,23,23,180726,11,19,21,180726,11,19,21,163999,11,18,19,155636,2,3,6,148329,2,4,4,156820,2,3,3,141642,5,6,6,199485,7,9,10,148383,4,6,6,,,,,,,,,,,,
211579,18,25,26,147223,14,20,21,513343,15,22,23,181567,11,19,21,181567,11,19,21,164911,10,18,19,156548,2,3,5,149171,2,4,4,157732,1,2,2,142483,4,5,5,200395,6,9,9,149223,4,6,6,,,,,,,,,,,,
212419,18,25,26,148105,14,20,21,514226,15,22,23,182478,10,18,20,182478,10,18,20,165751,10,18,19,157388,2,3,5,150013,2,4,4,158573,1,2,2,143393,4,5,5,201235,6,9,9,150133,5,6,6,,,,,,,,,,,,
213260,18,25,26,148987,14,20,21,515108,15,22,23,183319,10,18,20,183319,10,18,20,166593,10,18,19,158230,2,3,5,150925,2,4,4,159415,1,2,2,144233,4,5,5,202076,6,9,9,150974,5,6,6,,,,,,,,,,,,
214171,18,24,24,149941,14,19,19,516062,15,23,23,184160,10,18,20,184160,10,18,20,167503,11,18,19,159141,2,2,5,151767,2,4,4,160327,1,2,2,145074,4,5,5,202986,6,9,9,151815,5,6,6,,,,,,,,,,,,
215012,18,24,24,150823,14,19,19,516944,15,23,23,185071,10,17,18,185071,10,17,18,168344,11,18,19,159983,2,2,5,152609,2,4,4,161169,1,2,2,145984,4,5,5,203826,6,9,9,152725,5,7,7,,,,,,,,,,,,
215853,18,24,24,151707,14,19,19,517826,15,23,23,185911,10,17,18,185911,10,17,18,169186,11,18,19,160825,2,2,5,153520,1,4,4,162011,1,2,2,146825,4,5,5,204666,6,9,9,153565,5,7,7,,,,,,,,,,,,
216764,18,24,25,152658,13,18,19,518779,15,23,23,186752,10,17,18,186752,10,17,18,170096,11,17,18,161736,2,3,5,154361,1,4,4,162922,1,2,2,147664,4,5,5,205577,6,9,9,154405,5,7,7,,,,,,,,,,,,
217605,18,24,25,153541,13,18,19,519662,15,23,23,187664,11,17,18,187664,11,17,18,170937,11,17,18,162578,2,3,5,155203,1,4,4,163764,1,2,2,148575,4,5,5,206416,6,9,9,155316,5,7,7,,,,,,,,,,,,
218445,18,24,25,154423,13,18,19,520545,15,23,23,188506,11,17,18,188506,11,17,18,171779,11,17,18,163420,2,3,5,156114,2,4,4,164606,1,2,2,149415,4,5,5,207256,6,9,9,156155,5,7,7,,,,,,,,,,,,
219357,18,23,24,155376,13,18,18,521498,16,24,24,189345,11,17,18,189345,11,17,18,172689,10,17,18,164331,2,2,6,156956,2,4,4,165518,1,2,2,150255,4,5,5,208166,7,9,9,156996,5,7,7,,,,,,,,,,,,
220198,18,23,24,156260,13,18,18,522382,16,24,24,190258,11,18,20,190258,11,18,20,173531,10,17,18,165172,2,2,6,157799,2,4,4,166360,1,2,2,151165,3,5,5,209007,7,9,9,157906,5,7,7,,,,,,,,,,,,
221038,18,23,24,157140,13,18,18,523262,16,24,24,191097,11,18,20,191097,11,18,20,174371,10,17,18,166013,2,2,6,158710,2,4,4,167202,1,2,2,152006,4,6,6,209847,7,9,9,158746,5,7,7,,,,,,,,,,,,
221949,17,24,24,158094,13,18,19,524177,16,23,25,191938,11,18,20,191938,11,18,20,175283,11,17,18,166925,2,2,4,159552,2,4,4,168114,1,2,2,152846,4,6,6,210757,7,9,9,159587,5,7,7,,,,,,,,,,,,
222790,17,24,24,158976,13,18,19,525019,16,24,26,192849,11,18,19,192849,11,18,19,176123,11,17,18,167767,2,2,4,160393,2,4,4,168955,1,2,2,153756,5,6,6,211598,7,9,9,160497,6,8,8,,,,,,,,,,,,
223630,17,24,24,159857,13,18,19,525859,16,24,26,193690,11,18,19,193690,11,18,19,176964,11,17,18,168608,2,2,4,161304,1,4,4,169797,1,2,2,154597,4,5,5,212438,7,9,9,161337,6,8,8,,,,,,,,,,,,
224541,17,23,24,160770,13,19,19,526771,15,23,25,194531,11,18,19,194531,11,18,19,177875,10,17,18,169520,2,2,4,162146,1,4,4,170710,1,2,3,155437,4,5,5,213348,8,11,11,162178,6,8,8,,,,,,,,,,,,
225382,17,23,24,161722,13,19,20,527611,15,22,24,195442,11,19,20,195442,11,19,20,178716,10,17,18,170361,2,2,4,162988,1,4,4,171551,1,2,3,156347,4,5,5,214189,8,11,11,163087,6,8,8,,,,,,,,,,,,
226223,17,23,24,162634,13,20,22,528453,15,22,24,196283,11,19,20,196283,11,19,20,179558,10,17,18,171203,2,2,4,163899,1,3,3,172393,1,2,3,157187,4,5,5,215028,8,11,11,163928,6,8,8,,,,,,,,,,,,
227134,17,23,23,163547,14,21,23,529364,15,21,23,197124,11,19,20,197124,11,19,20,180469,11,18,19,172114,1,2,4,164742,1,3,3,173304,1,2,3,158027,4,5,5,215939,8,10,10,164767,6,8,8,,,,,,,,,,,,
227975,17,23,23,164458,14,21,23,530205,15,21,23,198035,11,18,19,198035,11,18,19,181310,11,18,19,172955,1,2,4,165583,1,3,3,174146,1,2,3,158938,3,4,4,216779,8,10,10,165679,6,8,8,,,,,,,,,,,,
228815,17,23,23,165369,14,22,24,531046,15,21,23,198876,11,18,19,198876,11,18,19,182151,11,18,19,173797,1,2,4,166495,1,2,2,174988,1,2,3,159778,3,4,4,217619,8,10,10,166518,6,8,8,,,,,,,,,,,,
229727,16,23,23,166281,14,22,25,531957,15,21,23,199716,11,18,19,199716,11,18,19,183062,10,16,18,174708,1,2,3,167336,1,2,2,175899,1,2,3,160618,3,4,4,218529,7,10,10,167359,6,8,8,,,,,,,,,,,,
230567,16,23,23,167193,15,23,26,532799,15,21,23,200628,11,18,19,200628,11,18,19,183903,10,16,18,175550,1,2,3,168178,1,2,2,176742,1,2,3,161528,3,4,4,219369,7,10,10,168268,6,8,8,,,,,,,,,,,,
231408,16,23,23,168104,15,24,27,533640,15,21,23,201468,11,18,19,201468,11,18,19,184743,10,16,18,176392,1,2,3,169090,2,3,3,177584,1,2,3,162369,3,4,4,220210,7,10,10,169109,6,8,8,,,,,,,,,,,,
232320,17,23,24,169016,15,25,27,534592,16,21,22,202309,11,18,19,202309,11,18,19,185655,10,16,17,177304,1,2,3,169932,2,3,3,178495,1,2,3,163209,3,4,4,221120,8,10,10,169950,6,8,8,,,,,,,,,,,,
233160,17,23,24,169928,15,24,26,535434,16,21,22,203220,11,18,18,203220,11,18,18,186496,10,16,17,178144,1,2,3,170774,2,3,3,179337,1,2,3,164119,3,5,5,221961,8,10,10,170859,6,8,8,,,,,,,,,,,,
234001,17,23,24,170840,16,25,27,536274,16,21,22,204061,11,18,18,204061,11,18,18,187337,10,16,17,178985,1,2,3,171685,2,3,3,180179,1,2,3,164960,3,5,5,222800,8,10,10,171700,6,8,8,,,,,,,,,,,,
234912,17,24,24,171751,16,24,26,537228,16,21,23,204902,11,18,18,204902,11,18,18,188249,10,17,18,179897,1,2,3,172527,2,3,3,181091,1,2,3,165800,3,5,5,223711,8,11,11,172539,6,8,8,,,,,,,,,,,,
235752,17,24,24,172592,16,24,26,538109,16,21,23,205813,11,18,19,205813,11,18,19,189089,10,17,18,180739,1,2,3,173369,2,3,3,181933,1,2,3,166710,3,4,4,224550,8,11,11,173450,6,7,8,,,,,,,,,,,,
236594,17,24,24,173433,16,24,26,538992,16,21,23,206654,11,18,19,206654,11,18,19,189930,10,17,18,181580,1,2,3,174280,2,3,3,182773,1,2,3,167550,3,4,4,225391,8,11,11,174289,6,7,8,,,,,,,,,,,,
237505,17,24,25,174345,15,24,25,539945,16,21,23,207495,11,18,19,207495,11,18,19,190840,10,16,17,182492,1,2,3,175123,2,3,3,183686,1,3,3,168391,3,4,4,226301,8,10,10,175129,6,7,8,,,,,,,,,,,,
238346,17,24,25,175185,15,24,25,540828,16,21,23,208407,12,19,20,208407,12,19,20,191682,10,16,17,183333,1,2,3,175965,2,3,3,184527,1,3,3,169302,3,4,4,227141,8,10,10,176040,5,7,7,,,,,,,,,,,,
239185,17,24,25,176026,15,24,25,541711,16,21,23,209247,12,19,20,209247,12,19,20,192523,10,16,17,184175,1,2,3,176877,2,3,3,185369,1,3,3,170141,3,4,4,227982,8,10,10,176880,5,7,7,,,,,,,,,,,,
240098,18,25,26,176979,16,24,24,542663,16,21,23,210087,12,19,20,210087,12,19,20,193434,10,16,17,185086,1,3,4,177718,2,3,3,186281,1,3,4,170982,3,4,4,228892,8,10,10,177720,5,7,7,,,,,,,,,,,,
240937,18,25,26,177862,16,24,24,543546,16,21,23,210999,12,18,19,210999,12,18,19,194275,10,16,17,185927,1,3,4,178560,2,3,3,187123,1,3,4,171892,3,5,5,229732,8,10,10,178630,5,7,7,,,,,,,,,,,,
241778,18,25,26,178745,16,24,24,544387,16,21,23,211840,12,18,19,211840,12,18,19,195116,10,16,17,186769,1,3,4,179471,2,3,3,187965,1,3,4,172732,3,5,5,230574,8,10,10,179471,5,7,7,,,,,,,,,,,,
242690,17,25,27,179697,15,23,23,545299,15,21,23,212681,12,18,19,212681,12,18,19,196027,10,17,18,187680,1,3,4,180314,2,3,3,188876,1,3,3,173573,3,5,5,231484,8,10,10,180311,5,7,7,,,,,,,,,,,,
243530,17,25,27,180539,15,23,23,546140,15,21,23,213592,11,18,18,213592,11,18,18,196868,10,17,18,188522,1,3,4,181155,2,3,3,189719,1,3,3,174483,3,5,5,232324,8,10,10,181221,5,6,7,,,,,,,,,,,,
244372,17,25,27,181422,15,23,23,546981,15,21,23,214432,11,18,18,214432,11,18,18,197708,10,17,18,189364,1,3,4,182067,2,3,4,190561,1,3,3,175323,3,5,5,233163,8,10,10,182062,5,6,7,,,,,,,,,,,,
245282,18,25,27,182332,14,22,22,547892,15,22,24,215273,11,18,18,215273,11,18,18,198620,10,17,19,190275,1,2,3,182908,2,3,4,191472,1,3,3,176163,3,5,5,234074,8,10,10,182901,5,6,7,,,,,,,,,,,,
246124,18,25,27,183173,14,22,22,548733,15,22,24,216184,11,17,17,216184,11,17,17,199460,10,17,19,191117,1,2,3,183750,2,3,4,192315,1,3,3,177073,3,5,5,234913,8,10,10,183812,5,6,7,,,,,,,,,,,,
246964,18,25,27,184014,14,22,22,549574,15,22,24,217025,11,17,17,217025,11,17,17,200301,10,17,19,191958,1,2,3,184662,2,3,3,193157,1,3,3,177913,3,5,5,235754,8,10,10,184652,5,6,7,,,,,,,,,,,,
247875,17,25,26,184925,14,21,21,550486,15,22,23,217866,11,17,17,217866,11,17,17,201212,10,17,19,192869,1,2,3,185503,2,3,3,194068,1,3,4,178753,3,5,5,236664,8,10,10,185492,5,6,7,,,,,,,,,,,,
248715,17,25,26,185766,14,21,21,551326,15,22,23,218777,11,17,17,218777,11,17,17,202053,10,17,19,193711,1,2,3,186345,2,3,3,194910,1,3,4,179663,3,5,5,237504,8,10,10,186402,4,6,7,,,,,,,,,,,,
249555,17,25,26,186607,14,21,21,552168,15,22,23,219618,11,17,17,219618,11,17,17,202894,10,17,19,194552,2,3,4,187256,2,3,4,195751,1,3,4,180504,3,5,5,238345,8,10,10,187243,4,6,7,,,,,,,,,,,,
250467,18,25,27,187518,14,22,22,553079,16,23,24,220459,11,17,17,220459,11,17,17,203805,10,18,19,195464,2,3,4,188099,2,3,4,196664,1,3,3,181345,3,5,5,239255,7,10,10,188083,4,6,7,,,,,,,,,,,,
251308,18,25,27,188359,14,22,22,553920,16,23,24,221370,11,16,16,221370,11,16,16,204718,10,18,19,196305,2,3,4,188941,2,3,4,197506,1,3,3,182254,3,5,5,240095,7,10,10,188993,5,6,7,,,,,,,,,,,,
252148,18,25,27,189200,14,22,22,554762,16,23,24,222211,11,16,16,222211,11,16,16,205629,10,18,20,197147,1,2,3,189852,2,3,4,198347,1,3,3,183095,3,5,5,240935,7,10,10,189833,5,6,7,,,,,,,,,,,,
253060,18,24,26,190112,14,21,21,555673,16,24,24,223051,11,16,16,223051,11,16,16,206540,10,18,20,198059,2,3,3,190694,2,3,4,199259,2,3,4,183936,3,5,5,241846,7,11,11,190673,5,6,7,,,,,,,,,,,,
253900,18,24,26,190953,14,21,21,556514,16,24,24,223963,10,17,17,223963,10,17,17,207451,11,18,20,198900,2,3,3,191536,2,3,4,200100,2,3,4,184846,4,6,6,242686,7,11,11,191584,4,6,6,,,,,,,,,,,,
254741,18,24,26,191794,14,21,21,557355,16,24,24,224803,10,17,17,224803,10,17,17,208362,11,19,21,199742,2,3,3,192447,2,3,5,200942,2,3,4,185686,4,6,6,243526,7,11,11,192423,4,6,6,,,,,,,,,,,,
255652,17,24,27,192705,13,19,19,558266,16,24,25,225644,10,17,17,225644,10,17,17,209273,11,18,21,200653,2,3,3,193289,2,3,5,201854,2,3,4,186526,4,6,6,244436,8,11,11,193264,4,6,6,,,,,,,,,,,,
256493,17,24,27,193546,13,19,19,559107,16,24,25,226556,11,17,17,226556,11,17,17,210185,11,19,20,201496,2,3,3,194130,2,3,5,202696,2,3,4,187437,4,6,6,245277,8,11,11,194174,4,6,7,,,,,,,,,,,,
257334,17,24,27,194386,13,19,19,559948,16,24,25,227397,11,17,17,227397,11,17,17,211096,11,18,19,202336,2,3,3,195042,2,3,4,203538,2,3,4,188277,4,6,6,246117,8,11,11,195014,4,6,7,,,,,,,,,,,,
258244,16,24,27,195299,13,17,17,560860,16,23,25,228238,11,17,17,228238,11,17,17,212007,11,18,19,203247,2,3,3,195884,2,3,4,204450,2,4,4,189117,4,6,6,247027,7,10,10,195855,4,6,7,,,,,,,,,,,,
259085,16,24,27,196140,13,17,17,561700,16,23,25,229149,11,17,17,229149,11,17,17,212919,10,17,18,204090,2,3,3,196725,2,3,4,205292,2,4,4,190027,4,6,6,247868,7,10,10,196765,4,6,7,,,,,,,,,,,,
259926,16,24,27,196980,13,17,17,562541,16,23,25,229990,11,17,17,229990,11,17,17,213830,10,16,17,204931,2,3,3,197637,2,2,4,206135,2,4,4,190868,4,6,6,248708,7,10,10,197605,4,6,7,,,,,,,,,,,,
260837,17,23,27,197892,13,17,17,563453,16,23,25,230831,11,17,17,230831,11,17,17,214742,10,17,17,205842,3,4,4,198478,2,2,4,207045,2,4,4,191708,4,6,6,249619,8,10,11,198446,4,6,7,,,,,,,,,,,,
261678,17,23,27,198732,13,17,17,564294,16,23,25,231742,12,17,17,231742,12,17,17,215582,10,17,17,206684,3,4,4,199321,2,2,4,207887,2,4,4,192618,4,6,6,250459,8,10,11,199356,4,6,6,,,,,,,,,,,,
262518,17,23,27,199574,13,17,17,565135,16,23,25,232583,12,17,17,232583,12,17,17,216423,10,17,17,207525,3,4,4,200231,2,2,4,208729,2,4,4,193459,5,7,7,251298,8,10,11,200197,4,6,6,,,,,,,,,,,,
263430,16,22,25,200485,13,17,17,566046,16,24,25,233423,12,17,17,233423,12,17,17,217334,10,16,17,208437,3,4,4,201075,2,2,4,209642,2,4,4,194298,5,7,7,252210,8,10,11,201036,4,6,6,,,,,,,,,,,,
264270,16,22,25,201326,13,17,17,566887,16,24,25,234335,12,18,18,234335,12,18,18,218175,10,16,17,209278,2,3,3,201916,2,2,4,210483,2,4,4,195209,5,7,7,253049,8,10,11,201947,4,6,6,,,,,,,,,,,,
265111,16,22,25,202167,13,17,17,567729,16,24,25,235175,12,18,18,235175,12,18,18,219018,10,16,17,210120,2,3,3,202827,2,2,4,211324,2,4,4,196049,5,7,7,253890,8,10,11,202786,4,6,6,,,,,,,,,,,,
266022,16,23,25,203078,12,16,16,568640,16,23,25,236016,12,18,18,236016,12,18,18,219928,10,16,16,211032,1,3,3,203669,2,2,4,212237,2,4,4,196890,4,6,6,254800,8,10,11,203626,4,6,6,,,,,,,,,,,,
266863,16,23,25,203920,12,16,16,569481,16,23,25,236929,12,18,18,236929,12,18,18,220770,10,16,16,211873,1,3,3,204511,2,2,4,213079,2,4,4,197799,4,6,6,255640,8,10,11,204536,4,6,6,,,,,,,,,,,,
267704,16,23,25,204761,12,16,16,570321,16,23,25,237768,12,18,18,237768,12,18,18,221611,10,16,16,212714,1,3,3,205422,2,2,4,213920,2,4,4,198640,4,6,6,256480,8,10,11,205377,4,6,6,,,,,,,,,,,,
268615,16,22,25,205672,12,16,16,571234,15,23,24,238609,12,18,18,238609,12,18,18,222522,10,17,17,213625,1,2,2,206265,2,2,4,214832,2,3,4,199480,4,6,6,257391,7,10,11,206217,4,6,6,,,,,,,,,,,,
269456,16,22,25,206514,12,16,16,572073,15,23,24,239521,13,19,19,239521,13,19,19,223363,10,17,17,214467,1,2,2,207107,2,2,4,215674,2,3,4,200390,4,5,5,258231,7,10,11,207127,4,6,7,,,,,,,,,,,,
270297,16,22,25,207353,12,16,16,572914,15,23,24,240362,13,19,19,240362,13,19,19,224203,10,17,17,215309,1,2,2,208018,2,2,3,216516,2,3,4,201230,4,5,5,259072,7,10,11,207968,4,6,7,,,,,,,,,,,,
271208,15,22,24,208265,12,16,17,573827,15,21,22,241203,13,19,19,241203,13,19,19,225116,10,17,18,216220,1,2,2,208860,2,2,3,217427,2,4,4,202071,4,5,5,259981,7,10,11,208808,4,6,7,,,,,,,,,,,,
272049,15,22,24,209106,12,16,17,574666,15,21,22,242113,13,19,19,242113,13,19,19,225956,10,17,18,217062,1,2,2,209701,2,2,3,218269,2,4,4,202981,4,5,5,260822,7,10,11,209719,4,6,7,,,,,,,,,,,,
272889,15,22,24,209947,12,16,17,575507,15,21,22,242955,13,19,19,242955,13,19,19,226797,10,17,18,217904,1,2,2,210614,2,3,4,219112,2,4,4,203821,4,5,5,261661,7,10,11,210558,4,6,7,,,,,,,,,,,,
273801,15,21,24,210859,12,17,18,576419,15,21,23,243795,13,19,19,243795,13,19,19,227708,10,17,18,218815,1,2,2,211456,2,3,4,220023,2,3,4,204661,4,5,5,262572,7,9,10,211398,4,6,7,,,,,,,,,,,,
274641,15,21,24,211699,12,17,18,577260,15,21,23,244706,12,18,19,244706,12,18,19,228549,10,17,18,219657,1,2,2,212297,2,3,4,220865,2,3,4,205572,5,6,6,263412,7,9,10,212308,4,6,7,,,,,,,,,,,,
275482,15,21,24,212541,12,17,18,578101,15,21,23,245547,12,18,19,245547,12,18,19,229390,10,17,18,220497,1,2,2,213209,2,4,4,221707,2,3,4,206411,5,6,6,264252,7,9,10,213149,4,6,7,,,,,,,,,,,,
276393,14,22,24,213452,13,17,18,579012,15,21,23,246387,12,18,19,246387,12,18,19,230302,11,18,19,221409,1,3,3,214050,2,4,4,222619,2,4,4,207252,5,6,6,265162,7,9,10,213990,4,6,7,,,,,,,,,,,,
277234,14,22,24,214293,13,17,18,579854,15,21,23,247299,12,18,19,247299,12,18,19,231143,11,18,19,222251,1,3,3,214892,2,4,4,223461,2,4,4,208162,5,7,7,266003,7,9,10,214899,4,6,7,,,,,,,,,,,,
278075,14,22,24,215134,13,17,18,580695,15,21,23,248139,12,18,19,248139,12,18,19,231984,11,18,19,223092,1,3,3,215803,2,4,4,224303,2,4,4,209002,5,7,7,266843,7,9,10,215740,4,6,7,,,,,,,,,,,,
278986,14,23,25,216046,12,17,18,581606,15,21,22,248980,12,18,19,248980,12,18,19,232895,11,18,19,224004,1,2,2,216645,2,4,4,225215,2,3,3,209843,5,7,7,267753,7,9,10,216581,4,6,7,,,,,,,,,,,,
279827,14,23,25,216887,12,17,18,582447,15,21,22,249891,13,19,20,249891,13,19,20,233736,11,18,19,224846,1,2,2,217488,2,4,4,226057,2,3,3,210753,5,7,8,268594,7,9,10,217490,4,6,7,,,,,,,,,,,,
280668,14,23,25,217728,12,17,18,583288,15,21,22,250733,13,19,20,250733,13,19,20,234576,11,18,19,225688,1,2,2,218399,2,4,4,226898,2,3,3,211593,5,7,8,269433,7,9,10,218331,4,6,7,,,,,,,,,,,,
281579,15,22,22,218639,12,18,20,584200,15,21,23,251574,13,19,20,251574,13,19,20,235488,11,18,19,226599,1,2,2,219241,2,4,4,227810,2,3,3,212433,5,7,8,270344,7,9,10,219170,4,6,7,,,,,,,,,,,,
282420,15,22,22,219480,12,18,20,585040,15,21,23,252484,12,18,19,252484,12,18,19,236328,11,18,19,227440,1,2,2,220082,2,4,4,228652,2,3,3,213344,6,7,8,271184,7,9,10,220081,4,6,6,,,,,,,,,,,,
283260,15,22,22,220321,12,18,20,585881,15,21,23,253325,12,18,19,253325,12,18,19,237170,11,18,19,228282,1,2,2,220994,2,4,4,229493,2,3,3,214183,6,7,8,272024,7,9,10,220921,4,6,6,,,,,,,,,,,,
284171,15,22,23,221233,11,18,19,586792,15,22,23,254166,12,18,19,254166,12,18,19,238081,11,18,19,229193,1,2,2,221836,2,4,4,230406,2,3,3,215023,6,7,8,272934,7,10,11,221761,4,6,6,,,,,,,,,,,,
285011,15,22,23,222073,11,18,19,587634,15,22,23,255077,11,17,19,255077,11,17,19,238922,11,18,19,230035,1,2,2,222678,2,4,4,231246,2,3,3,215933,6,8,8,273775,7,10,11,222671,4,6,7,,,,,,,,,,,,
285851,15,22,23,222914,11,18,19,588475,15,22,23,255918,11,17,19,255918,11,17,19,239763,11,18,19,230877,1,2,2,223589,2,4,4,232088,2,3,3,216774,6,8,8,274615,7,10,11,223512,4,6,7,,,,,,,,,,,,
286763,14,21,22,223825,12,18,20,589427,14,22,23,256758,11,17,19,256758,11,17,19,240674,11,17,18,231788,1,1,1,224431,2,4,4,233000,2,2,3,217614,6,8,8,275525,7,10,10,224352,4,6,7,,,,,,,,,,,,
287603,14,21,22,224667,12,18,20,590310,14,22,23,257669,11,17,18,257669,11,17,18,241515,11,17,18,232629,1,1,1,225273,2,4,4,233842,2,2,3,218524,5,7,8,276366,7,10,10,225262,4,7,7,,,,,,,,,,,,
288444,14,21,22,225509,12,18,20,591193,14,22,23,258509,11,17,18,258509,11,17,18,242356,11,17,18,233470,1,1,1,226184,2,4,4,234684,2,2,3,219365,5,7,8,277206,7,10,10,226103,4,7,7,,,,,,,,,,,,
289355,15,22,23,226420,12,18,19,592105,14,22,23,259351,11,17,18,259351,11,17,18,243267,11,17,18,234382,0,1,1,227026,2,4,4,235595,2,2,3,220206,5,7,8,278117,7,10,10,226942,4,7,7,,,,,,,,,,,,
290196,15,22,23,227261,12,18,19,592987,14,22,23,260261,10,17,18,260261,10,17,18,244108,11,17,18,235224,0,1,1,227868,2,4,4,236437,2,2,3,221116,6,8,8,278956,7,10,10,227853,4,7,7,,,,,,,,,,,,
291037,15,22,23,228102,12,18,19,593828,14,22,23,261103,10,17,18,261103,10,17,18,244948,11,17,18,236065,0,1,1,228780,2,4,4,237280,2,2,3,221956,6,8,8,279796,7,10,10,228694,4,7,7,,,,,,,,,,,,
291948,14,21,23,229013,12,19,20,594740,15,23,24,261945,10,17,18,261945,10,17,18,245860,11,18,19,236977,0,1,1,229620,2,4,4,238191,1,2,3,222795,6,8,8,280707,7,10,10,229533,4,7,7,,,,,,,,,,,,
292790,14,21,23,229855,12,19,20,595581,15,23,24,262855,11,17,18,262855,11,17,18,246701,11,18,19,237818,0,1,1,230463,2,4,4,239033,1,2,3,223706,6,7,8,281547,7,10,10,230444,4,7,7,,,,,,,,,,,,
293629,14,21,23,230695,12,19,20,596421,15,23,24,263696,11,17,18,263696,11,17,18,247541,11,18,19,238660,0,1,1,231374,2,4,4,239875,1,2,3,224547,6,7,8,282387,7,10,10,231284,4,7,7,,,,,,,,,,,,
294540,15,21,22,231607,12,20,21,597332,15,23,24,264537,11,17,18,264537,11,17,18,248453,12,18,18,239571,0,1,1,232216,2,4,4,240787,2,2,3,225387,6,7,8,283297,7,10,10,232124,4,7,7,,,,,,,,,,,,
295380,15,21,22,232448,12,20,21,598174,15,23,24,265448,11,17,18,265448,11,17,18,249293,12,18,18,240412,0,1,1,233058,2,4,4,241629,2,2,3,226297,6,8,9,284138,7,10,10,233034,4,7,7,,,,,,,,,,,,
296221,15,21,22,233289,12,20,21,599015,15,23,24,266289,11,17,18,266289,11,17,18,250135,12,18,18,241254,0,1,1,233969,2,4,4,242470,2,2,3,227138,6,8,9,284978,7,10,10,233874,4,7,7,,,,,,,,,,,,
297134,17,23,25,234201,12,20,20,599926,16,24,25,267129,11,17,18,267129,11,17,18,251046,11,18,20,242165,1,2,2,234811,2,4,4,243382,2,2,3,227978,6,8,9,285888,7,10,10,234715,4,7,7,,,,,,,,,,,,
297974,17,23,25,235041,12,20,20,600767,16,24,25,268041,11,18,19,268041,11,18,19,251887,11,18,20,243007,1,2,2,235653,2,4,4,244225,2,2,3,228888,6,8,9,286729,7,10,10,235625,4,7,7,,,,,,,,,,,,
298815,17,23,25,235882,12,20,20,601608,16,24,25,268881,11,18,19,268881,11,18,19,252728,11,18,20,243849,1,2,2,236564,1,3,3,245066,2,2,3,229729,6,8,9,287568,7,10,10,236465,4,7,7,,,,,,,,,,,,
299726,17,23,25,236793,12,19,21,602520,16,24,25,269722,11,18,19,269722,11,18,19,253639,11,17,19,244760,2,3,3,237407,1,3,3,245978,2,2,3,230568,6,8,9,288479,7,10,10,237305,4,7,7,,,,,,,,,,,,
300567,17,23,25,237634,12,19,21,603361,16,24,25,270633,11,19,20,270633,11,19,20,254550,10,17,18,245602,2,3,3,238248,1,3,3,246819,2,2,3,231479,6,8,8,289319,7,10,10,238216,4,7,7,,,,,,,,,,,,
301408,17,23,25,238475,12,19,21,604201,16,24,25,271474,11,19,20,271474,11,19,20,255462,10,17,19,246444,2,3,3,239160,1,2,3,247662,2,2,3,232320,6,8,8,290159,7,10,10,239056,4,7,7,,,,,,,,,,,,
302319,17,23,25,239387,13,19,20,605114,16,24,25,272315,11,19,20,272315,11,19,20,256373,10,17,19,247355,2,2,3,240002,1,2,3,248573,2,2,3,233159,6,8,8,291069,7,10,10,239896,4,7,7,,,,,,,,,,,,
303159,17,23,25,240228,13,19,20,605955,16,24,25,273226,11,19,19,273226,11,19,19,257284,10,18,19,248197,2,2,3,240844,1,2,3,249415,2,2,3,234070,6,8,8,291910,7,10,10,240806,4,6,6,,,,,,,,,,,,
304000,17,23,25,241111,13,19,20,606795,16,24,25,274067,11,19,19,274067,11,19,19,258195,10,18,19,249039,2,2,3,241756,1,2,3,250258,2,2,3,234910,6,8,8,292750,7,10,10,241646,4,6,6,,,,,,,,,,,,
304912,17,23,25,242064,14,20,21,607707,15,24,25,274908,11,19,19,274908,11,19,19,259106,9,17,19,249951,2,2,3,242597,1,2,3,251169,2,3,4,235750,6,8,8,293660,7,9,9,242487,4,6,6,,,,,,,,,,,,
305752,17,23,25,242905,14,20,21,608548,15,25,26,275819,10,17,18,275819,10,17,18,260018,9,17,20,250791,1,1,2,243439,1,2,3,252011,2,3,4,236660,5,6,6,294501,7,9,9,243397,4,6,6,,,,,,,,,,,,
306592,17,23,25,243745,14,20,21,609389,15,25,26,276660,10,17,18,276660,10,17,18,260929,9,17,19,251633,1,1,2,244350,1,2,2,252853,2,3,4,237500,5,6,6,295341,7,9,9,244237,4,6,6,,,,,,,,,,,,
307505,17,24,27,244657,14,20,20,610300,16,24,24,277500,10,17,18,277500,10,17,18,261840,8,16,17,252546,1,2,2,245192,1,2,2,253765,2,3,4,238341,5,6,6,296251,7,10,10,245078,4,6,6,,,,,,,,,,,,
308344,17,24,27,245498,14,20,20,611141,16,23,23,278411,10,17,18,278411,10,17,18,262752,8,17,18,253386,1,2,2,246034,1,2,2,254607,2,3,4,239251,5,6,6,297091,7,10,10,245988,4,6,6,,,,,,,,,,,,
309185,17,24,27,246339,14,20,20,611982,16,23,23,279251,10,17,18,279251,10,17,18,263663,9,17,18,254228,1,2,2,246946,1,2,2,255450,2,3,4,240091,5,6,6,297931,7,10,10,246828,4,6,6,,,,,,,,,,,,
310097,18,24,27,247250,15,21,22,612893,15,23,23,280092,10,17,18,280092,10,17,18,264574,9,17,18,255139,1,2,3,247788,1,2,2,256361,2,3,4,240931,5,6,6,298842,7,10,10,247669,4,6,6,,,,,,,,,,,,
310938,18,24,27,248092,15,21,22,613735,15,23,23,281004,11,17,17,281004,11,17,17,265415,9,17,18,255981,1,2,3,248630,1,2,2,257203,2,3,4,241842,5,6,6,299681,7,10,10,248580,4,6,6,,,,,,,,,,,,
311779,18,24,27,248933,15,21,22,614576,15,23,23,281844,11,17,17,281844,11,17,17,266256,9,17,18,256823,2,3,4,249542,2,2,3,258044,2,3,4,242681,5,6,6,300521,7,10,10,249419,4,6,6,,,,,,,,,,,,
312690,18,24,27,249843,14,21,21,615487,15,22,22,282685,11,17,17,282685,11,17,17,267167,9,17,17,257734,2,3,4,250384,2,2,3,258956,2,3,3,243522,5,6,6,301432,7,10,10,250260,4,6,6,,,,,,,,,,,,
313531,18,24,27,250685,14,21,21,616328,15,22,22,283596,11,17,17,283596,11,17,17,268008,9,17,17,258576,2,3,4,251226,2,2,3,259799,2,3,3,244432,5,6,6,302272,7,10,10,251169,4,6,6,,,,,,,,,,,,
314372,18,24,27,251526,14,21,21,617168,15,22,22,284437,11,17,17,284437,11,17,17,268851,9,17,17,259418,2,3,4,252137,2,2,3,260640,2,3,3,245273,5,6,6,303112,7,10,10,252010,4,6,6,,,,,,,,,,,,
315283,18,23,26,252437,13,21,21,618080,15,21,21,285278,11,17,17,285278,11,17,17,269761,9,17,18,260329,1,3,3,252980,2,2,3,261552,2,3,4,246112,5,6,6,304022,7,11,11,252850,4,6,6,,,,,,,,,,,,
316124,18,23,26,253278,13,21,21,618920,15,21,21,286190,11,17,17,286190,11,17,17,270602,9,17,18,261171,1,3,3,253821,2,2,3,262394,2,3,4,247023,5,6,6,304863,7,11,11,253760,4,6,6,,,,,,,,,,,,
316964,18,23,26,254118,13,21,21,619763,15,21,21,287030,11,17,17,287030,11,17,17,271442,9,17,18,262012,1,3,3,254733,2,2,3,263236,2,3,4,247862,5,6,6,305702,7,11,11,254601,4,6,6,,,,,,,,,,,,
317877,18,25,27,255031,13,20,21,620674,15,21,21,287870,11,17,17,287870,11,17,17,272354,9,18,18,262924,3,4,5,255575,2,2,3,264147,2,3,4,248702,5,6,6,306613,7,11,11,255441,4,6,6,,,,,,,,,,,,
318716,18,25,27,255872,13,20,21,621514,15,21,21,288782,12,17,17,288782,12,17,17,273195,9,18,18,263764,3,4,5,256416,2,2,3,264989,2,3,4,249613,5,6,6,307453,7,11,11,256351,4,6,7,,,,,,,,,,,,
319557,18,25,27,256712,13,20,21,622355,15,21,21,289623,12,17,17,289623,12,17,17,274035,9,18,18,264606,3,4,5,257328,2,2,3,265832,2,3,4,250452,5,6,6,308293,7,11,11,257191,4,6,7,,,,,,,,,,,,
320468,18,27,29,257624,14,20,22,623267,15,21,21,290463,12,17,17,290463,12,17,17,274947,10,18,19,265518,3,4,5,258170,2,2,3,266743,2,3,4,251293,5,6,6,309203,8,11,11,258031,4,6,7,,,,,,,,,,,,
321309,18,27,29,258464,14,20,22,624108,15,21,21,291375,11,17,17,291375,11,17,17,275787,10,18,19,266359,2,3,4,259012,2,2,3,267585,2,3,4,252204,5,6,6,310044,8,11,11,258941,4,6,7,,,,,,,,,,,,
322150,18,27,29,259305,14,20,22,624949,15,21,21,292215,11,17,17,292215,11,17,17,276629,10,18,19,267201,2,3,4,259923,2,2,3,268427,2,3,4,253044,5,6,6,310884,8,11,11,259782,4,6,7,,,,,,,,,,,,
323061,17,26,28,260217,13,20,21,625860,14,21,21,293056,11,17,17,293056,11,17,17,277540,9,17,17,268112,2,3,4,260765,2,2,3,269338,2,3,4,253884,5,6,6,311794,8,12,12,260622,4,6,7,,,,,,,,,,,,
323902,17,26,28,261058,13,20,21,626702,14,21,21,293967,11,15,15,293967,11,15,15,278381,9,17,17,268954,3,4,5,261607,2,2,3,270181,2,3,4,254794,5,6,6,312635,8,12,12,261532,4,6,7,,,,,,,,,,,,
324743,17,26,28,261899,13,20,21,627543,14,21,21,294808,11,15,15,294808,11,15,15,279222,9,17,17,269796,3,4,5,262518,2,2,3,271023,2,3,4,255634,5,6,6,313475,8,12,12,262372,4,6,7,,,,,,,,,,,,
325654,17,26,28,262810,13,20,21,628454,13,20,20,295649,11,15,15,295649,11,15,15,280132,9,16,16,270707,2,4,5,263360,2,2,3,271934,2,3,3,256475,5,6,6,314385,8,11,11,263213,4,6,7,,,,,,,,,,,,
326495,17,26,28,263651,13,20,21,629336,13,20,20,296560,10,15,15,296560,10,15,15,280974,9,16,16,271549,2,4,5,264202,2,2,3,272777,2,3,3,257385,5,6,6,315225,8,11,11,264123,4,7,7,,,,,,,,,,,,
327335,17,26,28,264493,13,20,21,630218,13,20,20,297401,10,15,15,297401,10,15,15,281815,9,16,16,272390,2,4,5,265113,2,2,2,273618,2,3,3,258226,5,6,6,316065,8,11,11,264963,4,7,7,,,,,,,,,,,,
328247,18,27,29,265404,13,21,21,631172,13,19,20,298242,10,15,15,298242,10,15,15,282726,9,15,15,273301,2,4,4,265955,2,2,2,274530,2,3,3,259065,5,6,6,316976,8,11,11,265803,4,7,7,,,,,,,,,,,,
329088,18,27,29,266245,13,21,21,632054,13,19,20,299153,10,15,15,299153,10,15,15,283567,9,15,15,274142,2,4,4,266797,2,2,2,275372,2,3,3,259976,4,6,6,317815,8,11,11,266714,4,7,7,,,,,,,,,,,,
329928,18,27,29,267085,13,21,21,632895,13,19,20,299994,10,15,15,299994,10,15,15,284407,9,15,15,274983,1,3,3,267708,2,2,2,276214,2,3,3,260816,4,6,6,318656,8,11,11,267553,4,7,7,,,,,,,,,,,,
330840,18,26,28,267997,12,20,21,633806,13,19,20,300834,10,15,15,300834,10,15,15,285319,9,15,15,275895,1,3,3,268551,2,2,2,277126,2,3,3,261656,4,6,6,319566,8,12,12,268393,4,7,7,,,,,,,,,,,,
331680,18,26,28,268838,12,20,21,634647,13,19,20,301746,10,15,15,301746,10,15,15,286159,9,15,15,276737,1,3,3,269392,2,2,2,277967,2,3,3,262566,4,6,6,320406,8,12,12,269302,3,6,7,,,,,,,,,,,,
332521,18,26,28,269679,12,20,21,635488,13,19,20,302586,10,15,15,302586,10,15,15,287001,9,15,15,277578,2,4,4,270304,2,2,2,278810,2,3,3,263407,4,6,6,321247,8,12,12,270143,3,6,7,,,,,,,,,,,,
333433,18,27,28,270590,12,20,21,636399,13,18,20,303427,10,15,15,303427,10,15,15,287912,10,15,15,278490,2,3,3,271144,2,2,2,279720,2,3,3,264247,4,6,6,322156,8,12,12,270983,3,6,7,,,,,,,,,,,,
334273,18,27,28,271431,12,20,21,637241,13,18,20,304338,10,15,16,304338,10,15,16,288753,10,15,15,279331,2,3,3,271987,2,2,2,280562,2,3,3,265157,5,7,7,322997,8,12,12,271894,4,6,7,,,,,,,,,,,,
335114,18,27,28,272272,12,20,21,638082,13,18,20,305179,10,15,16,305179,10,15,16,289594,10,15,15,280172,2,3,3,272899,1,2,2,281405,2,3,3,265998,5,7,7,323836,8,12,12,272734,5,7,8,,,,,,,,,,,,
336026,17,28,29,273184,11,19,20,638993,13,18,20,306021,10,15,16,306021,10,15,16,290505,9,15,15,281084,2,3,3,273740,1,2,2,282316,2,3,3,266838,5,7,7,324747,8,10,10,273573,5,7,8,,,,,,,,,,,,
336867,17,28,29,274025,11,19,20,639834,13,18,20,306931,10,15,16,306931,10,15,16,291346,9,15,15,281926,2,3,3,274583,1,2,2,283158,2,3,3,267748,3,5,6,325588,8,10,10,274484,5,7,8,,,,,,,,,,,,
337708,17,28,29,274866,11,19,20,640674,13,18,20,307772,10,15,16,307772,10,15,16,292187,9,15,15,282767,2,3,3,275493,1,2,2,284001,2,3,3,268590,3,5,6,326427,8,10,10,275323,5,7,8,,,,,,,,,,,,
338619,18,29,31,275777,12,19,20,641586,13,19,20,308613,10,15,16,308613,10,15,16,293099,9,15,15,283678,1,2,2,276335,1,2,2,284912,2,3,3,269429,3,5,6,327337,8,10,10,276164,5,7,8,,,,,,,,,,,,
339460,18,29,31,276618,12,19,20,642427,13,19,20,309524,10,15,16,309524,10,15,16,293939,9,15,15,284520,1,2,2,277177,1,2,2,285754,2,3,3,270340,3,5,6,328178,8,10,10,277074,5,8,9,,,,,,,,,,,,
340300,18,29,31,277459,12,19,20,643268,13,19,20,310366,10,15,16,310366,10,15,16,294780,9,15,15,285362,1,2,2,278088,1,2,2,286596,2,3,3,271180,4,6,7,329018,8,10,10,277914,5,8,9,,,,,,,,,,,,
341213,18,29,32,278371,12,19,20,644180,13,20,22,311205,10,15,16,311205,10,15,16,295692,9,15,15,286273,1,3,3,278931,1,2,2,287507,2,3,3,272020,4,6,7,329928,8,10,10,278755,5,8,9,,,,,,,,,,,,
342052,18,29,32,279213,12,19,20,645022,13,20,22,312117,9,14,15,312117,9,14,15,296532,9,15,15,287115,1,3,3,279773,1,2,2,288350,2,3,3,272930,4,6,7,330768,8,10,10,279665,5,8,8,,,,,,,,,,,,
342893,18,29,32,280052,12,19,20,645862,13,20,22,312958,9,14,15,312958,9,14,15,297373,9,15,15,287956,1,3,3,280684,1,1,1,289191,2,3,3,273771,4,6,7,331609,8,10,10,280506,5,8,8,,,,,,,,,,,,
343804,17,28,30,280966,12,20,20,646773,13,20,21,313798,9,14,15,313798,9,14,15,298285,9,14,14,288868,1,3,3,281526,1,1,1,290103,2,3,3,274611,4,6,7,332519,7,10,11,281346,5,8,8,,,,,,,,,,,,
344645,17,28,30,281805,12,20,20,647615,13,20,21,314710,9,15,16,314710,9,15,16,299125,9,14,14,289710,1,3,3,282368,1,1,1,290945,2,3,3,275521,4,6,7,333359,7,10,11,282256,5,8,8,,,,,,,,,,,,
345486,17,28,30,282687,12,20,20,648456,13,20,21,315551,9,15,16,315551,9,15,16,299967,9,14,14,290551,1,3,3,283279,1,1,1,291786,2,3,3,276362,4,6,7,334199,7,10,11,283096,5,8,8,,,,,,,,,,,,
346397,17,27,28,283640,12,19,19,649367,13,19,21,316392,9,15,16,316392,9,15,16,300877,9,14,14,291463,1,3,3,284121,1,1,1,292699,2,3,3,277202,4,6,7,335110,7,10,11,283936,5,8,8,,,,,,,,,,,,
347238,17,27,28,284523,12,19,19,650208,13,19,21,317303,10,16,17,317303,10,16,17,301718,9,14,14,292304,1,3,3,284962,1,1,1,293540,2,3,3,278112,4,6,7,335949,7,10,11,284847,5,7,7,,,,,,,,,,,,
348079,17,27,28,285406,12,19,19,651049,13,19,21,318144,10,16,17,318144,10,16,17,302559,9,14,14,293146,2,4,4,285875,1,1,1,294382,2,3,3,278952,4,6,7,336789,7,10,11,285686,5,7,7,,,,,,,,,,,,
348990,18,28,29,286358,12,18,19,651960,13,18,20,318985,10,16,17,318985,10,16,17,303470,10,15,15,294057,2,4,4,286716,1,1,1,295293,2,3,3,279793,4,6,7,337699,7,10,11,286527,5,7,7,,,,,,,,,,,,
349831,18,28,29,287241,12,18,19,652802,13,18,20,319896,10,16,17,319896,10,16,17,304312,10,15,15,294899,2,4,4,287558,1,1,1,296136,2,3,3,280704,4,6,6,338540,7,10,11,287437,5,7,7,,,,,,,,,,,,
350671,18,28,29,288123,12,18,19,653643,13,18,20,320737,10,16,17,320737,10,16,17,305153,10,15,15,295741,2,4,4,288470,1,1,1,296978,2,3,3,281543,4,6,6,339380,7,10,11,288277,5,7,7,,,,,,,,,,,,
351583,18,28,29,289076,12,17,18,654554,13,18,19,321577,10,16,17,321577,10,16,17,306063,10,16,16,296652,2,4,4,289311,1,1,1,297889,2,3,3,282384,4,6,6,340290,7,10,10,289118,5,7,7,,,,,,,,,,,,
352423,18,28,29,289917,12,17,18,655394,13,18,19,322489,9,15,17,322489,9,15,17,306905,10,16,16,297494,2,4,4,290153,1,1,1,298732,2,3,3,283294,4,6,6,341131,7,10,10,290028,5,7,7,,,,,,,,,,,,
353264,18,28,29,290758,12,17,18,656236,13,18,19,323330,9,15,17,323330,9,15,17,307745,10,16,16,298335,2,4,4,291064,1,1,1,299574,2,3,3,284135,4,6,6,341970,7,10,10,290869,5,7,7,,,,,,,,,,,,
354176,17,27,28,291670,12,17,18,657147,14,20,21,324170,9,15,17,324170,9,15,17,308657,10,17,17,299246,2,4,4,291907,1,1,1,300485,2,4,4,284975,4,6,6,342881,7,10,11,291708,5,7,7,,,,,,,,,,,,
355016,17,27,28,292510,12,17,18,658030,14,20,21,325081,10,17,18,325081,10,17,18,309497,10,17,17,300088,2,4,4,292749,1,1,1,301328,2,4,4,285885,4,7,7,343721,7,10,11,292619,5,7,7,,,,,,,,,,,,
355857,17,27,28,293351,12,17,18,658871,14,20,21,325921,10,17,18,325921,10,17,18,310338,10,17,17,300930,2,4,4,293660,1,1,1,302170,2,4,4,286726,4,7,7,344561,7,10,11,293459,5,7,7,,,,,,,,,,,,
356768,18,27,28,294263,13,18,18,659782,14,20,21,326762,10,17,18,326762,10,17,18,311249,10,17,18,301842,2,4,4,294502,1,1,1,303081,2,3,3,287565,4,7,7,345472,7,10,11,294299,5,7,7,,,,,,,,,,,,
357609,18,27,28,295104,13,18,18,660694,14,20,21,327673,11,18,19,327673,11,18,19,312090,10,17,18,302684,2,4,4,295344,1,1,1,303924,2,3,3,288476,4,7,8,346311,7,10,11,295209,5,7,7,,,,,,,,,,,,
358450,18,27,28,295945,13,18,18,661606,15,22,23,328514,11,18,19,328514,11,18,19,312931,10,17,18,303524,2,4,4,296255,1,2,2,304765,2,3,3,289316,4,7,8,347152,7,10,11,296051,5,7,7,,,,,,,,,,,,
359361,17,27,27,296856,12,18,18,662517,15,22,23,329356,11,18,19,329356,11,18,19,313842,10,16,17,304437,2,3,3,297097,1,2,2,305677,2,3,3,290156,4,7,8,348062,7,10,11,296890,5,7,7,,,,,,,,,,,,
360202,17,27,27,297698,12,18,18,663429,15,22,23,330266,10,18,19,330266,10,18,19,314684,10,16,17,305277,2,3,3,297938,1,2,2,306519,2,3,3,291066,4,7,8,348903,7,10,11,297800,5,7,7,,,,,,,,,,,,
361042,17,27,27,298539,12,18,18,664340,14,22,23,331107,10,18,19,331107,10,18,19,315525,10,16,17,306120,2,3,3,298852,1,2,2,307360,2,3,3,291907,4,7,8,349744,7,10,11,298641,5,7,7,,,,,,,,,,,,
361954,17,25,26,299450,13,18,19,665252,15,24,25,331948,10,18,19,331948,10,18,19,316436,10,16,16,307031,1,4,4,299693,1,2,2,308273,2,3,3,292747,4,7,8,350653,7,10,11,299481,5,7,7,,,,,,,,,,,,
362796,17,25,26,300291,13,18,19,666164,16,25,26,332859,11,18,20,332859,11,18,20,317278,10,16,16,307873,2,5,5,300534,1,2,2,309114,2,3,3,293657,4,7,7,351493,7,10,11,300391,5,8,8,,,,,,,,,,,,
363635,17,25,26,301132,13,18,19,667076,16,27,28,333700,11,18,20,333700,11,18,20,318117,10,16,16,308714,2,5,5,301446,1,2,2,309956,2,3,3,294498,4,7,7,352333,7,10,11,301232,5,8,8,,,,,,,,,,,,
364548,17,24,24,302044,14,19,20,667987,15,25,26,334540,11,18,20,334540,11,18,20,319029,10,16,17,309625,3,5,5,302288,1,2,2,310867,1,2,2,295337,4,7,7,353244,7,10,11,302072,5,8,8,,,,,,,,,,,,
365389,17,24,24,302884,14,19,20,668899,15,25,26,335453,11,19,19,335453,11,19,19,319869,10,16,17,310468,3,5,5,303129,1,2,2,311710,1,2,2,296248,5,8,8,354084,7,10,11,302982,5,8,8,,,,,,,,,,,,
366229,17,24,24,303726,14,19,20,669811,16,26,27,336293,11,19,19,336293,11,19,19,320711,10,16,17,311310,3,5,5,304041,1,3,3,312551,1,2,2,297089,5,8,8,354924,7,10,11,303822,5,8,8,,,,,,,,,,,,
367140,16,24,24,304636,13,18,20,670722,16,24,25,337133,11,19,19,337133,11,19,19,321623,10,16,17,312221,3,4,4,304883,1,3,3,313463,2,3,3,297928,5,8,8,355834,7,10,11,304662,5,8,8,,,,,,,,,,,,
367981,16,24,24,305478,13,18,20,671563,16,24,25,338044,11,18,19,338044,11,18,19,322463,10,16,17,313063,3,4,4,305725,1,3,3,314305,2,3,3,298839,4,8,8,356674,7,10,11,305572,5,8,8,,,,,,,,,,,,
368822,16,24,24,306319,13,18,20,672404,16,24,25,338885,11,18,19,338885,11,18,19,323304,10,16,17,313904,2,3,3,306636,2,3,3,315147,2,3,3,299679,4,8,8,357515,7,10,11,306413,5,8,8,,,,,,,,,,,,
369733,18,25,25,307230,13,18,19,673315,16,24,25,339726,11,18,19,339726,11,18,19,324215,10,16,17,314816,1,3,3,307478,2,3,3,316058,2,3,3,300519,4,8,8,358425,7,9,9,307254,5,8,8,,,,,,,,,,,,
370574,18,25,25,308071,13,18,19,,,,,340637,10,17,17,340637,10,17,17,325056,10,16,17,315658,1,3,3,308320,2,3,3,316901,2,3,3,301429,5,8,8,359265,7,9,9,308163,5,8,8,,,,,,,,,,,,
371415,18,25,25,308912,13,18,19,,,,,341478,10,17,17,341478,10,17,17,325898,10,16,17,316498,1,3,3,309231,2,3,3,317743,2,3,3,302269,5,8,8,360105,7,9,9,309004,5,8,8,,,,,,,,,,,,
372326,18,25,25,,,,,,,,,342319,10,17,17,342319,10,17,17,326809,11,16,17,317410,1,2,2,310074,2,3,3,318654,2,3,3,303110,5,8,8,361016,7,9,9,309844,5,8,8,,,,,,,,,,,,
373167,18,25,25,,,,,,,,,343230,10,17,18,343230,10,17,18,327650,11,16,17,318252,1,2,2,310916,2,3,3,319496,2,3,3,304020,5,8,8,361857,7,9,9,310755,5,8,8,,,,,,,,,,,,
374007,18,25,25,,,,,,,,,344141,10,18,18,344141,10,18,18,328491,11,16,17,319093,1,2,2,311827,2,3,3,320338,2,3,3,304861,5,8,8,362696,7,9,9,311595,5,8,8,,,,,,,,,,,,
374919,18,24,24,,,,,,,,,345052,10,17,17,345052,10,17,17,329402,10,16,16,320006,2,4,4,312669,2,3,3,321250,2,3,3,305700,5,8,8,363607,6,9,9,312435,5,8,8,,,,,,,,,,,,
375759,18,24,24,,,,,,,,,345963,10,18,18,345963,10,18,18,330243,10,16,16,320847,2,4,4,313510,2,3,3,322092,2,3,3,306611,5,8,8,364447,6,9,9,313346,5,8,8,,,,,,,,,,,,
376600,18,24,24,,,,,,,,,346874,9,17,17,346874,9,17,17,331083,10,16,16,321688,2,4,4,314422,2,3,3,322933,2,3,3,307451,5,8,8,365287,6,9,9,314185,5,8,8,,,,,,,,,,,,
377511,18,24,24,,,,,,,,,347786,10,17,17,347786,10,17,17,331995,10,16,17,322599,1,3,3,315264,2,3,3,323845,2,3,3,308291,5,8,8,366197,7,10,10,315025,5,8,8,,,,,,,,,,,,
378352,18,24,24,,,,,,,,,348697,10,18,18,348697,10,18,18,332836,10,16,17,323441,1,3,3,,,,,324686,2,3,3,309201,5,8,9,367037,7,10,10,315935,5,7,7,,,,,,,,,,,,
379193,18,24,24,,,,,,,,,349608,11,19,19,349608,11,19,19,333677,10,16,17,324283,1,3,3,,,,,325529,2,3,3,310042,5,8,9,367878,7,10,10,316776,5,7,7,,,,,,,,,,,,
,,,,,,,,,,,,350520,11,21,21,350520,11,21,21,334588,10,15,16,325194,2,3,3,,,,,326440,2,2,3,310882,5,8,9,368787,6,9,9,317617,5,7,7,,,,,,,,,,,,
,,,,,,,,,,,,351431,12,22,22,351431,12,22,22,335429,10,15,16,326036,2,3,3,,,,,327282,2,2,3,311792,5,8,8,369628,6,9,9,318526,5,7,7,,,,,,,,,,,,
,,,,,,,,,,,,352343,11,21,21,352343,11,21,21,336270,10,15,16,326878,2,3,3,,,,,328125,2,2,3,312633,5,8,8,370467,6,9,9,319368,5,7,7,,,,,,,,,,,,
,,,,,,,,,,,,353254,12,22,22,353254,12,22,22,337182,10,15,16,327789,1,3,3,,,,,,,,,313472,5,8,8,371378,6,9,9,320207,5,7,7,,,,,,,,,,,,
,,,,,,,,,,,,354165,12,22,22,354165,12,22,22,338023,10,15,16,328631,2,4,4,,,,,,,,,314382,5,7,7,372218,6,9,9,321118,5,8,8,,,,,,,,,,,,
,,,,,,,,,,,,355006,12,22,22,355006,12,22,22,338864,10,15,16,329473,2,4,4,,,,,,,,,315223,5,7,7,373058,6,9,9,321957,5,8,8,,,,,,,,,,,,
,,,,,,,,,,,,355847,12,22,22,355847,12,22,22,339775,10,15,15,330384,3,4,4,,,,,,,,,316062,5,7,7,373968,6,9,9,322799,5,8,8,,,,,,,,,,,,
,,,,,,,,,,,,356758,12,21,21,356758,12,21,21,340686,10,15,16,331226,3,4,4,,,,,,,,,316974,5,8,8,374808,6,9,9,323708,5,7,7,,,,,,,,,,,,
,,,,,,,,,,,,357599,12,21,21,357599,12,21,21,341599,10,15,16,332067,3,4,4,,,,,,,,,317813,5,8,8,375649,6,9,9,324548,5,7,7,,,,,,,,,,,,
,,,,,,,,,,,,358439,12,21,21,358439,12,21,21,342508,10,15,16,332979,3,4,5,,,,,,,,,318653,5,8,8,376559,6,9,9,325389,5,7,7,,,,,,,,,,,,
,,,,,,,,,,,,359351,12,20,20,359351,12,20,20,343420,10,16,18,333820,3,4,5,,,,,,,,,319563,5,8,8,377399,6,9,9,326299,5,7,7,,,,,,,,,,,,
,,,,,,,,,,,,360193,12,20,20,360193,12,20,20,344332,10,17,18,334662,3,4,5,,,,,,,,,320404,5,8,8,378240,6,9,9,327139,5,7,7,,,,,,,,,,,,
,,,,,,,,,,,,361033,12,20,20,361033,12,20,20,345243,10,17,18,335574,2,4,5,,,,,,,,,321244,5,8,8,379150,5,8,9,327980,5,7,7,,,,,,,,,,,,
,,,,,,,,,,,,361944,12,20,20,361944,12,20,20,346155,10,17,19,336415,2,4,5,,,,,,,,,322154,5,7,7,379990,5,8,9,328890,4,6,6,,,,,,,,,,,,
,,,,,,,,,,,,362784,12,20,20,362784,12,20,20,347066,11,19,20,337257,1,3,4,,,,,,,,,322995,5,7,7,380830,5,8,9,329731,4,6,6,,,,,,,,,,,,
,,,,,,,,,,,,363625,12,20,20,363625,12,20,20,347977,10,18,19,338168,2,3,4,,,,,,,,,323834,5,7,7,381741,6,9,9,330570,4,6,6,,,,,,,,,,,,
,,,,,,,,,,,,364536,11,20,20,364536,11,20,20,348888,10,19,21,339009,2,3,4,,,,,,,,,324745,5,7,7,382580,6,9,9,331481,4,6,6,,,,,,,,,,,,
,,,,,,,,,,,,365377,11,20,20,365377,11,20,20,349799,10,19,21,339851,2,3,4,,,,,,,,,325584,5,7,7,383421,6,9,9,332321,5,7,7,,,,,,,,,,,,
,,,,,,,,,,,,366218,11,20,20,366218,11,20,20,350710,9,18,20,340762,1,3,3,,,,,,,,,,,,,384331,6,10,10,333161,5,7,7,,,,,,,,,,,,
,,,,,,,,,,,,367129,11,19,19,367129,11,19,19,351552,9,18,20,341604,1,3,3,,,,,,,,,,,,,385171,6,10,10,334072,5,8,9,,,,,,,,,,,,
,,,,,,,,,,,,367970,11,19,19,367970,11,19,19,352393,9,18,20,,,,,,,,,,,,,,,,,386011,6,10,10,334912,5,8,9,,,,,,,,,,,,
,,,,,,,,,,,,368811,11,19,19,368811,11,19,19,353304,9,18,20,,,,,,,,,,,,,,,,,386922,7,10,10,335753,5,8,9,,,,,,,,,,,,
,,,,,,,,,,,,369722,11,20,20,369722,11,20,20,354145,9,18,20,,,,,,,,,,,,,,,,,387762,7,10,10,336662,5,8,8,,,,,,,,,,,,
,,,,,,,,,,,,370564,11,20,20,370564,11,20,20,354985,9,18,20,,,,,,,,,,,,,,,,,388601,7,10,10,337503,5,8,8,,,,,,,,,,,,
,,,,,,,,,,,,371403,11,20,20,371403,11,20,20,355897,9,16,18,,,,,,,,,,,,,,,,,389512,7,10,11,338342,4,7,7,,,,,,,,,,,,
,,,,,,,,,,,,372315,11,19,19,372315,11,19,19,356738,9,16,18,,,,,,,,,,,,,,,,,390352,7,10,11,339253,4,7,7,,,,,,,,,,,,
,,,,,,,,,,,,373155,11,19,19,373155,11,19,19,357578,9,16,18,,,,,,,,,,,,,,,,,391191,7,10,11,340093,4,7,7,,,,,,,,,,,,
,,,,,,,,,,,,373996,11,19,19,373996,11,19,19,358490,9,16,17,,,,,,,,,,,,,,,,,392101,7,10,10,340933,5,8,8,,,,,,,,,,,,
,,,,,,,,,,,,374907,11,19,20,374907,11,19,20,359330,9,16,17,,,,,,,,,,,,,,,,,392942,7,10,10,341843,5,8,9,,,,,,,,,,,,
,,,,,,,,,,,,375748,11,19,20,375748,11,19,20,360171,9,16,17,,,,,,,,,,,,,,,,,393782,7,10,10,342684,5,8,9,,,,,,,,,,,,
,,,,,,,,,,,,376590,11,19,20,376590,11,19,20,,,,,,,,,,,,,,,,,,,,,394692,8,10,11,343525,5,8,9,,,,,,,,,,,,
,,,,,,,,,,,,377500,10,18,19,377500,10,18,19,,,,,,,,,,,,,,,,,,,,,395533,8,10,11,344434,5,8,9,,,,,,,,,,,,
,,,,,,,,,,,,378341,10,18,19,378341,10,18,19,,,,,,,,,,,,,,,,,,,,,396372,8,10,11,345275,5,8,9,,,,,,,,,,,,
,,,,,,,,,,,,379182,10,18,19,379182,10,18,19,,,,,,,,,,,,,,,,,,,,,397284,8,11,12,346116,5,8,9,,,,,,,,,,,,
,,,,,,,,,,,,380094,10,18,20,380094,10,18,20,,,,,,,,,,,,,,,,,,,,,398123,8,11,12,347026,5,8,9,,,,,,,,,,,,
,,,,,,,,,,,,380935,10,18,20,380935,10,18,20,,,,,,,,,,,,,,,,,,,,,398963,8,11,12,,,,,,,,,,,,,,,,
,,,,,,,,,,,,381775,10,18,20,381775,10,18,20,,,,,,,,,,,,,,,,,,,,,399874,8,11,12,,,,,,,,,,,,,,,,
,,,,,,,,,,,,382687,11,19,21,382687,11,19,21,,,,,,,,,,,,,,,,,,,,,400713,8,11,12,,,,,,,,,,,,,,,,
,,,,,,,,,,,,383527,11,19,21,383527,11,19,21,,,,,,,,,,,,,,,,,,,,,401554,8,11,12,,,,,,,,,,,,,,,,
,,,,,,,,,,,,384369,11,19,21,384369,11,19,21,,,,,,,,,,,,,,,,,,,,,402464,8,12,12,,,,,,,,,,,,,,,,
,,,,,,,,,,,,,,,,,,,,,,,,,,,,,,,,,,,,,,,,403304,8,12,12,,,,,,,,,,,,,,,,
,,,,,,,,,,,,,,,,,,,,,,,,,,,,,,,,,,,,,,,,404145,8,12,12,,,,,,,,,,,,,,,,
,,,,,,,,,,,,,,,,,,,,,,,,,,,,,,,,,,,,,,,,405055,9,12,12,,,,,,,,,,,,,,,,